INSERT INTO "user" (uid,name) VALUES ('1','Luke Clarkson');
INSERT INTO "user" (uid,name) VALUES ('2','Nathan Gill');
INSERT INTO "user" (uid,name) VALUES ('3','Wendy Buckland');
INSERT INTO "user" (uid,name) VALUES ('4','Emma Kerr');
INSERT INTO "user" (uid,name) VALUES ('5','Diane Ogden');
INSERT INTO "user" (uid,name) VALUES ('6','Fiona Duncan');
INSERT INTO "user" (uid,name) VALUES ('7','Lucas Ellison');
INSERT INTO "user" (uid,name) VALUES ('8','Lucas Turner');
INSERT INTO "user" (uid,name) VALUES ('9','Nicola Forsyth');
INSERT INTO "user" (uid,name) VALUES ('10','Christopher McLean');
INSERT INTO "user" (uid,name) VALUES ('11','Angela Ince');
INSERT INTO "user" (uid,name) VALUES ('12','Victoria Howard');
INSERT INTO "user" (uid,name) VALUES ('13','Kevin Anderson');
INSERT INTO "user" (uid,name) VALUES ('14','Thomas McGrath');
INSERT INTO "user" (uid,name) VALUES ('15','Lauren Mills');
INSERT INTO "user" (uid,name) VALUES ('16','Stephanie Walsh');
INSERT INTO "user" (uid,name) VALUES ('17','Joseph Graham');
INSERT INTO "user" (uid,name) VALUES ('18','Grace Roberts');
INSERT INTO "user" (uid,name) VALUES ('19','Jason James');
INSERT INTO "user" (uid,name) VALUES ('20','Stephanie Ross');
INSERT INTO "user" (uid,name) VALUES ('21','Benjamin Brown');
INSERT INTO "user" (uid,name) VALUES ('22','Penelope McLean');
INSERT INTO "user" (uid,name) VALUES ('23','Ruth Metcalfe');
INSERT INTO "user" (uid,name) VALUES ('24','Keith Harris');
INSERT INTO "user" (uid,name) VALUES ('25','Owen Taylor');
INSERT INTO "user" (uid,name) VALUES ('26','Alexandra Burgess');
INSERT INTO "user" (uid,name) VALUES ('27','Rebecca Reid');
INSERT INTO "user" (uid,name) VALUES ('28','Dylan Russell');
INSERT INTO "user" (uid,name) VALUES ('29','Trevor Henderson');
INSERT INTO "user" (uid,name) VALUES ('30','Lisa Jones');
INSERT INTO "user" (uid,name) VALUES ('31','Matt Mitchell');
INSERT INTO "user" (uid,name) VALUES ('32','Sam Sutherland');
INSERT INTO "user" (uid,name) VALUES ('33','Ryan Piper');
INSERT INTO "user" (uid,name) VALUES ('34','Edward Peters');
INSERT INTO "user" (uid,name) VALUES ('35','Sam Alsop');
INSERT INTO "user" (uid,name) VALUES ('36','Keith Reid');
INSERT INTO "user" (uid,name) VALUES ('37','Phil Baker');
INSERT INTO "user" (uid,name) VALUES ('38','Jacob Abraham');
INSERT INTO "user" (uid,name) VALUES ('39','Eric Randall');
INSERT INTO "user" (uid,name) VALUES ('40','Michelle Hunter');
INSERT INTO "user" (uid,name) VALUES ('41','Julia Avery');
INSERT INTO "user" (uid,name) VALUES ('42','Diane Bailey');
INSERT INTO "user" (uid,name) VALUES ('43','Ava Cornish');
INSERT INTO "user" (uid,name) VALUES ('44','Rachel Springer');
INSERT INTO "user" (uid,name) VALUES ('45','Donna Sanderson');
INSERT INTO "user" (uid,name) VALUES ('46','Michelle Hardacre');
INSERT INTO "user" (uid,name) VALUES ('47','Grace Hart');
INSERT INTO "user" (uid,name) VALUES ('48','Kevin Edmunds');
INSERT INTO "user" (uid,name) VALUES ('49','Dominic Davidson');
INSERT INTO "user" (uid,name) VALUES ('50','Charles Mackenzie');
INSERT INTO "user" (uid,name) VALUES ('51','Diana Dyer');
INSERT INTO "user" (uid,name) VALUES ('52','Brian Lee');
INSERT INTO "user" (uid,name) VALUES ('53','Lauren Berry');
INSERT INTO "user" (uid,name) VALUES ('54','Thomas Arnold');
INSERT INTO "user" (uid,name) VALUES ('55','Frank Hill');
INSERT INTO "user" (uid,name) VALUES ('56','Yvonne Quinn');
INSERT INTO "user" (uid,name) VALUES ('57','Stephanie Bond');
INSERT INTO "user" (uid,name) VALUES ('58','Dan Tucker');
INSERT INTO "user" (uid,name) VALUES ('59','Isaac McLean');
INSERT INTO "user" (uid,name) VALUES ('60','Neil Russell');
INSERT INTO "user" (uid,name) VALUES ('61','Tracey Mills');
INSERT INTO "user" (uid,name) VALUES ('62','Edward Tucker');
INSERT INTO "user" (uid,name) VALUES ('63','Amy Anderson');
INSERT INTO "user" (uid,name) VALUES ('64','Phil Russell');
INSERT INTO "user" (uid,name) VALUES ('65','Ryan Pullman');
INSERT INTO "user" (uid,name) VALUES ('66','Virginia Sutherland');
INSERT INTO "user" (uid,name) VALUES ('67','Abigail McGrath');
INSERT INTO "user" (uid,name) VALUES ('68','Leonard Fisher');
INSERT INTO "user" (uid,name) VALUES ('69','Yvonne Wilkins');
INSERT INTO "user" (uid,name) VALUES ('70','Abigail Hudson');
INSERT INTO "user" (uid,name) VALUES ('71','Emma Fisher');
INSERT INTO "user" (uid,name) VALUES ('72','Piers Gill');
INSERT INTO "user" (uid,name) VALUES ('73','Stewart Payne');
INSERT INTO "user" (uid,name) VALUES ('74','Kevin Mackay');
INSERT INTO "user" (uid,name) VALUES ('75','Angela Blake');
INSERT INTO "user" (uid,name) VALUES ('76','Nicola Bell');
INSERT INTO "user" (uid,name) VALUES ('77','Joshua Carr');
INSERT INTO "user" (uid,name) VALUES ('78','Sam Anderson');
INSERT INTO "user" (uid,name) VALUES ('79','David Carr');
INSERT INTO "user" (uid,name) VALUES ('80','Emma Mills');
INSERT INTO "user" (uid,name) VALUES ('81','Molly Morrison');
INSERT INTO "user" (uid,name) VALUES ('82','Sally Pullman');
INSERT INTO "user" (uid,name) VALUES ('83','Rose Springer');
INSERT INTO "user" (uid,name) VALUES ('84','Ava Paterson');
INSERT INTO "user" (uid,name) VALUES ('85','Sally Slater');
INSERT INTO "user" (uid,name) VALUES ('86','Megan Baker');
INSERT INTO "user" (uid,name) VALUES ('87','Victoria Marshall');
INSERT INTO "user" (uid,name) VALUES ('88','Lisa Clark');
INSERT INTO "user" (uid,name) VALUES ('89','Victor Powell');
INSERT INTO "user" (uid,name) VALUES ('90','Andrea Turner');
INSERT INTO "user" (uid,name) VALUES ('91','Stewart Chapman');
INSERT INTO "user" (uid,name) VALUES ('92','Matt Howard');
INSERT INTO "user" (uid,name) VALUES ('93','Anthony Clarkson');
INSERT INTO "user" (uid,name) VALUES ('94','Vanessa Scott');
INSERT INTO "user" (uid,name) VALUES ('95','Rebecca Kelly');
INSERT INTO "user" (uid,name) VALUES ('96','Harry Turner');
INSERT INTO "user" (uid,name) VALUES ('97','Felicity Hart');
INSERT INTO "user" (uid,name) VALUES ('98','Christian Forsyth');
INSERT INTO "user" (uid,name) VALUES ('99','Jane Butler');
INSERT INTO "user" (uid,name) VALUES ('100','Diane Morrison');
INSERT INTO "user" (uid,name) VALUES ('101','Andrea Alsop');
INSERT INTO "user" (uid,name) VALUES ('102','Carol Grant');
INSERT INTO "user" (uid,name) VALUES ('103','Boris McDonald');
INSERT INTO "user" (uid,name) VALUES ('104','Dominic Ross');
INSERT INTO "user" (uid,name) VALUES ('105','Mary Harris');
INSERT INTO "user" (uid,name) VALUES ('106','Richard Johnston');
INSERT INTO "user" (uid,name) VALUES ('107','Stewart Kelly');
INSERT INTO "user" (uid,name) VALUES ('108','Madeleine Paterson');
INSERT INTO "user" (uid,name) VALUES ('109','Matt Murray');
INSERT INTO "user" (uid,name) VALUES ('110','Jason North');
INSERT INTO "user" (uid,name) VALUES ('111','Melanie Smith');
INSERT INTO "user" (uid,name) VALUES ('112','Hannah Fraser');
INSERT INTO "user" (uid,name) VALUES ('113','Joe Paige');
INSERT INTO "user" (uid,name) VALUES ('114','Sarah Thomson');
INSERT INTO "user" (uid,name) VALUES ('115','Austin Paige');
INSERT INTO "user" (uid,name) VALUES ('116','Melanie Cameron');
INSERT INTO "user" (uid,name) VALUES ('117','Amy Baker');
INSERT INTO "user" (uid,name) VALUES ('118','Alan Morrison');
INSERT INTO "user" (uid,name) VALUES ('119','Andrew Walsh');
INSERT INTO "user" (uid,name) VALUES ('120','Richard Scott');
INSERT INTO "user" (uid,name) VALUES ('121','Peter Taylor');
INSERT INTO "user" (uid,name) VALUES ('122','Angela Mitchell');
INSERT INTO "user" (uid,name) VALUES ('123','Emily Springer');
INSERT INTO "user" (uid,name) VALUES ('124','Warren Edmunds');
INSERT INTO "user" (uid,name) VALUES ('125','Michael Payne');
INSERT INTO "user" (uid,name) VALUES ('126','Lily Cameron');
INSERT INTO "user" (uid,name) VALUES ('127','Donna Oliver');
INSERT INTO "user" (uid,name) VALUES ('128','Adam Kelly');
INSERT INTO "user" (uid,name) VALUES ('129','Benjamin Morgan');
INSERT INTO "user" (uid,name) VALUES ('130','Megan Hardacre');
INSERT INTO "user" (uid,name) VALUES ('131','Benjamin Alsop');
INSERT INTO "user" (uid,name) VALUES ('132','Gabrielle McLean');
INSERT INTO "user" (uid,name) VALUES ('133','Dylan Roberts');
INSERT INTO "user" (uid,name) VALUES ('134','Alexandra Rampling');
INSERT INTO "user" (uid,name) VALUES ('135','Carl Martin');
INSERT INTO "user" (uid,name) VALUES ('136','John Campbell');
INSERT INTO "user" (uid,name) VALUES ('137','Jack Arnold');
INSERT INTO "user" (uid,name) VALUES ('138','John Forsyth');
INSERT INTO "user" (uid,name) VALUES ('139','Lily Miller');
INSERT INTO "user" (uid,name) VALUES ('140','Evan Langdon');
INSERT INTO "user" (uid,name) VALUES ('141','Piers Simpson');
INSERT INTO "user" (uid,name) VALUES ('142','Molly Chapman');
INSERT INTO "user" (uid,name) VALUES ('143','Austin Hamilton');
INSERT INTO "user" (uid,name) VALUES ('144','Cameron Knox');
INSERT INTO "user" (uid,name) VALUES ('145','Ian Jones');
INSERT INTO "user" (uid,name) VALUES ('146','Sebastian Lee');
INSERT INTO "user" (uid,name) VALUES ('147','Anna Wilkins');
INSERT INTO "user" (uid,name) VALUES ('148','Kevin Manning');
INSERT INTO "user" (uid,name) VALUES ('149','Kimberly Forsyth');
INSERT INTO "user" (uid,name) VALUES ('150','Jasmine Churchill');
INSERT INTO "user" (uid,name) VALUES ('151','Stewart Churchill');
INSERT INTO "user" (uid,name) VALUES ('152','Megan White');
INSERT INTO "user" (uid,name) VALUES ('153','Jennifer Knox');
INSERT INTO "user" (uid,name) VALUES ('154','Amanda Metcalfe');
INSERT INTO "user" (uid,name) VALUES ('155','Anne Hudson');
INSERT INTO "user" (uid,name) VALUES ('156','Pippa Buckland');
INSERT INTO "user" (uid,name) VALUES ('157','Samantha McLean');
INSERT INTO "user" (uid,name) VALUES ('158','Keith Sharp');
INSERT INTO "user" (uid,name) VALUES ('159','Lillian Randall');
INSERT INTO "user" (uid,name) VALUES ('160','Mary Poole');
INSERT INTO "user" (uid,name) VALUES ('161','Kimberly Terry');
INSERT INTO "user" (uid,name) VALUES ('162','Lillian Young');
INSERT INTO "user" (uid,name) VALUES ('163','Sarah Hill');
INSERT INTO "user" (uid,name) VALUES ('164','Sarah King');
INSERT INTO "user" (uid,name) VALUES ('165','Michelle Rutherford');
INSERT INTO "user" (uid,name) VALUES ('166','Alison Butler');
INSERT INTO "user" (uid,name) VALUES ('167','Kimberly Davies');
INSERT INTO "user" (uid,name) VALUES ('168','Theresa Vance');
INSERT INTO "user" (uid,name) VALUES ('169','Joanne Gibson');
INSERT INTO "user" (uid,name) VALUES ('170','Stephen Skinner');
INSERT INTO "user" (uid,name) VALUES ('171','Blake Henderson');
INSERT INTO "user" (uid,name) VALUES ('172','Grace Brown');
INSERT INTO "user" (uid,name) VALUES ('173','Joseph Davidson');
INSERT INTO "user" (uid,name) VALUES ('174','Grace Hunter');
INSERT INTO "user" (uid,name) VALUES ('175','Grace Lambert');
INSERT INTO "user" (uid,name) VALUES ('176','Abigail Terry');
INSERT INTO "user" (uid,name) VALUES ('177','Tim Terry');
INSERT INTO "user" (uid,name) VALUES ('178','Brian Stewart');
INSERT INTO "user" (uid,name) VALUES ('179','Lily Gray');
INSERT INTO "user" (uid,name) VALUES ('180','Andrea Abraham');
INSERT INTO "user" (uid,name) VALUES ('181','Connor Wallace');
INSERT INTO "user" (uid,name) VALUES ('182','Simon Payne');
INSERT INTO "user" (uid,name) VALUES ('183','Michelle Simpson');
INSERT INTO "user" (uid,name) VALUES ('184','Brandon Bell');
INSERT INTO "user" (uid,name) VALUES ('185','Tim Edmunds');
INSERT INTO "user" (uid,name) VALUES ('186','Alexander Henderson');
INSERT INTO "user" (uid,name) VALUES ('187','Natalie Ferguson');
INSERT INTO "user" (uid,name) VALUES ('188','Thomas Wilkins');
INSERT INTO "user" (uid,name) VALUES ('189','Sean Dickens');
INSERT INTO "user" (uid,name) VALUES ('190','Warren Hughes');
INSERT INTO "user" (uid,name) VALUES ('191','Kevin Knox');
INSERT INTO "user" (uid,name) VALUES ('192','Katherine Manning');
INSERT INTO "user" (uid,name) VALUES ('193','Harry Lewis');
INSERT INTO "user" (uid,name) VALUES ('194','Carolyn Mills');
INSERT INTO "user" (uid,name) VALUES ('195','Ava Rees');
INSERT INTO "user" (uid,name) VALUES ('196','Piers Ferguson');
INSERT INTO "user" (uid,name) VALUES ('197','Andrea Mills');
INSERT INTO "user" (uid,name) VALUES ('198','Sebastian McGrath');
INSERT INTO "user" (uid,name) VALUES ('199','Deirdre Roberts');
INSERT INTO "user" (uid,name) VALUES ('200','Adam Mackay');
INSERT INTO "user" (uid,name) VALUES ('201','Lillian Baker');
INSERT INTO "user" (uid,name) VALUES ('202','Michelle Ince');
INSERT INTO "user" (uid,name) VALUES ('203','Frank May');
INSERT INTO "user" (uid,name) VALUES ('204','Sonia Underwood');
INSERT INTO "user" (uid,name) VALUES ('205','Nicholas Ogden');
INSERT INTO "user" (uid,name) VALUES ('206','Sebastian Nolan');
INSERT INTO "user" (uid,name) VALUES ('207','Donna Berry');
INSERT INTO "user" (uid,name) VALUES ('208','Joe Sutherland');
INSERT INTO "user" (uid,name) VALUES ('209','Phil Arnold');
INSERT INTO "user" (uid,name) VALUES ('210','Joseph Metcalfe');
INSERT INTO "user" (uid,name) VALUES ('211','Andrew Springer');
INSERT INTO "user" (uid,name) VALUES ('212','Andrea Lewis');
INSERT INTO "user" (uid,name) VALUES ('213','Colin James');
INSERT INTO "user" (uid,name) VALUES ('214','Andrea Powell');
INSERT INTO "user" (uid,name) VALUES ('215','Frank Welch');
INSERT INTO "user" (uid,name) VALUES ('216','Jack Newman');
INSERT INTO "user" (uid,name) VALUES ('217','Joseph Poole');
INSERT INTO "user" (uid,name) VALUES ('218','Christian Lyman');
INSERT INTO "user" (uid,name) VALUES ('219','Paul Bailey');
INSERT INTO "user" (uid,name) VALUES ('220','Sarah Henderson');
INSERT INTO "user" (uid,name) VALUES ('221','Christian Short');
INSERT INTO "user" (uid,name) VALUES ('222','Rachel Ferguson');
INSERT INTO "user" (uid,name) VALUES ('223','Megan Taylor');
INSERT INTO "user" (uid,name) VALUES ('224','Gordon Kelly');
INSERT INTO "user" (uid,name) VALUES ('225','Edward Cameron');
INSERT INTO "user" (uid,name) VALUES ('226','Cameron Lewis');
INSERT INTO "user" (uid,name) VALUES ('227','Charles Young');
INSERT INTO "user" (uid,name) VALUES ('228','Diane Graham');
INSERT INTO "user" (uid,name) VALUES ('229','Tracey Hardacre');
INSERT INTO "user" (uid,name) VALUES ('230','Theresa Hodges');
INSERT INTO "user" (uid,name) VALUES ('231','Irene Mitchell');
INSERT INTO "user" (uid,name) VALUES ('232','Joan Ball');
INSERT INTO "user" (uid,name) VALUES ('233','Adrian Langdon');
INSERT INTO "user" (uid,name) VALUES ('234','Dylan Jones');
INSERT INTO "user" (uid,name) VALUES ('235','Simon Powell');
INSERT INTO "user" (uid,name) VALUES ('236','Samantha White');
INSERT INTO "user" (uid,name) VALUES ('237','Natalie Gibson');
INSERT INTO "user" (uid,name) VALUES ('238','Mary Martin');
INSERT INTO "user" (uid,name) VALUES ('239','Eric Peters');
INSERT INTO "user" (uid,name) VALUES ('240','Trevor Wallace');
INSERT INTO "user" (uid,name) VALUES ('241','Irene North');
INSERT INTO "user" (uid,name) VALUES ('242','Jan Davies');
INSERT INTO "user" (uid,name) VALUES ('243','Lucas Rutherford');
INSERT INTO "user" (uid,name) VALUES ('244','Simon Lambert');
INSERT INTO "user" (uid,name) VALUES ('245','Lucas Lyman');
INSERT INTO "user" (uid,name) VALUES ('246','Tracey White');
INSERT INTO "user" (uid,name) VALUES ('247','Benjamin Campbell');
INSERT INTO "user" (uid,name) VALUES ('248','Lillian Ogden');
INSERT INTO "user" (uid,name) VALUES ('249','Max Roberts');
INSERT INTO "user" (uid,name) VALUES ('250','Stephanie Duncan');
INSERT INTO "user" (uid,name) VALUES ('251','Wanda Stewart');
INSERT INTO "user" (uid,name) VALUES ('252','Amanda Peters');
INSERT INTO "user" (uid,name) VALUES ('253','Sarah Roberts');
INSERT INTO "user" (uid,name) VALUES ('254','Penelope Burgess');
INSERT INTO "user" (uid,name) VALUES ('255','Adam Nash');
INSERT INTO "user" (uid,name) VALUES ('256','Diane Jackson');
INSERT INTO "user" (uid,name) VALUES ('257','Rose Parr');
INSERT INTO "user" (uid,name) VALUES ('258','Sean Taylor');
INSERT INTO "user" (uid,name) VALUES ('259','Neil Clark');
INSERT INTO "user" (uid,name) VALUES ('260','Piers Ball');
INSERT INTO "user" (uid,name) VALUES ('261','Audrey Hart');
INSERT INTO "user" (uid,name) VALUES ('262','Trevor Ellison');
INSERT INTO "user" (uid,name) VALUES ('263','Eric Gibson');
INSERT INTO "user" (uid,name) VALUES ('264','Hannah Mathis');
INSERT INTO "user" (uid,name) VALUES ('265','Connor Howard');
INSERT INTO "user" (uid,name) VALUES ('266','Angela Carr');
INSERT INTO "user" (uid,name) VALUES ('267','Jake Wilson');
INSERT INTO "user" (uid,name) VALUES ('268','Stewart Quinn');
INSERT INTO "user" (uid,name) VALUES ('269','James Hudson');
INSERT INTO "user" (uid,name) VALUES ('270','Julian Sharp');
INSERT INTO "user" (uid,name) VALUES ('271','Phil Welch');
INSERT INTO "user" (uid,name) VALUES ('272','Joseph Berry');
INSERT INTO "user" (uid,name) VALUES ('273','Gavin Metcalfe');
INSERT INTO "user" (uid,name) VALUES ('274','Deirdre Wallace');
INSERT INTO "user" (uid,name) VALUES ('275','Alexandra Dowd');
INSERT INTO "user" (uid,name) VALUES ('276','Andrew Hughes');
INSERT INTO "user" (uid,name) VALUES ('277','Isaac Marshall');
INSERT INTO "user" (uid,name) VALUES ('278','Caroline Campbell');
INSERT INTO "user" (uid,name) VALUES ('279','Carolyn Walsh');
INSERT INTO "user" (uid,name) VALUES ('280','Peter Brown');
INSERT INTO "user" (uid,name) VALUES ('281','Ryan Edmunds');
INSERT INTO "user" (uid,name) VALUES ('282','Grace Pullman');
INSERT INTO "user" (uid,name) VALUES ('283','Alexander Sharp');
INSERT INTO "user" (uid,name) VALUES ('284','Bernadette Mackay');
INSERT INTO "user" (uid,name) VALUES ('285','Natalie Hughes');
INSERT INTO "user" (uid,name) VALUES ('286','Rachel Powell');
INSERT INTO "user" (uid,name) VALUES ('287','Stephanie Graham');
INSERT INTO "user" (uid,name) VALUES ('288','Dominic Johnston');
INSERT INTO "user" (uid,name) VALUES ('289','Elizabeth Welch');
INSERT INTO "user" (uid,name) VALUES ('290','Lillian Alsop');
INSERT INTO "user" (uid,name) VALUES ('291','Irene Hemmings');
INSERT INTO "user" (uid,name) VALUES ('292','Abigail Allan');
INSERT INTO "user" (uid,name) VALUES ('293','Natalie Wright');
INSERT INTO "user" (uid,name) VALUES ('294','Una Terry');
INSERT INTO "user" (uid,name) VALUES ('295','Ava Hudson');
INSERT INTO "user" (uid,name) VALUES ('296','Sarah Wallace');
INSERT INTO "user" (uid,name) VALUES ('297','Owen Mitchell');
INSERT INTO "user" (uid,name) VALUES ('298','Heather Roberts');
INSERT INTO "user" (uid,name) VALUES ('299','Penelope Jackson');
INSERT INTO "user" (uid,name) VALUES ('300','Nicholas Payne');
INSERT INTO "user" (uid,name) VALUES ('301','Victoria Harris');
INSERT INTO "user" (uid,name) VALUES ('302','Heather Davidson');
INSERT INTO "user" (uid,name) VALUES ('303','Sarah Kelly');
INSERT INTO "user" (uid,name) VALUES ('304','Dominic Dowd');
INSERT INTO "user" (uid,name) VALUES ('305','Amanda Parsons');
INSERT INTO "user" (uid,name) VALUES ('306','Diane Alsop');
INSERT INTO "user" (uid,name) VALUES ('307','Wanda Davidson');
INSERT INTO "user" (uid,name) VALUES ('308','Claire Quinn');
INSERT INTO "user" (uid,name) VALUES ('309','Katherine Stewart');
INSERT INTO "user" (uid,name) VALUES ('310','Rachel Welch');
INSERT INTO "user" (uid,name) VALUES ('311','Robert Abraham');
INSERT INTO "user" (uid,name) VALUES ('312','Abigail Walker');
INSERT INTO "user" (uid,name) VALUES ('313','Jonathan Wallace');
INSERT INTO "user" (uid,name) VALUES ('314','Anthony Gill');
INSERT INTO "user" (uid,name) VALUES ('315','Owen Wright');
INSERT INTO "user" (uid,name) VALUES ('316','Phil Edmunds');
INSERT INTO "user" (uid,name) VALUES ('317','Rose Allan');
INSERT INTO "user" (uid,name) VALUES ('318','Michelle Russell');
INSERT INTO "user" (uid,name) VALUES ('319','Jasmine Langdon');
INSERT INTO "user" (uid,name) VALUES ('320','Joshua Kerr');
INSERT INTO "user" (uid,name) VALUES ('321','Ella Simpson');
INSERT INTO "user" (uid,name) VALUES ('322','Penelope Bower');
INSERT INTO "user" (uid,name) VALUES ('323','Adrian Nolan');
INSERT INTO "user" (uid,name) VALUES ('324','Jonathan Nash');
INSERT INTO "user" (uid,name) VALUES ('325','Lucas Morgan');
INSERT INTO "user" (uid,name) VALUES ('326','Lillian Ball');
INSERT INTO "user" (uid,name) VALUES ('327','Boris Manning');
INSERT INTO "user" (uid,name) VALUES ('328','Stewart Dickens');
INSERT INTO "user" (uid,name) VALUES ('329','Trevor Young');
INSERT INTO "user" (uid,name) VALUES ('330','Lauren Marshall');
INSERT INTO "user" (uid,name) VALUES ('331','Julia Bond');
INSERT INTO "user" (uid,name) VALUES ('332','Sally Grant');
INSERT INTO "user" (uid,name) VALUES ('333','Audrey Langdon');
INSERT INTO "user" (uid,name) VALUES ('334','Andrea Hudson');
INSERT INTO "user" (uid,name) VALUES ('335','Penelope Peters');
INSERT INTO "user" (uid,name) VALUES ('336','Emily Hemmings');
INSERT INTO "user" (uid,name) VALUES ('337','Victor Robertson');
INSERT INTO "user" (uid,name) VALUES ('338','Sean Ogden');
INSERT INTO "user" (uid,name) VALUES ('339','Carl Simpson');
INSERT INTO "user" (uid,name) VALUES ('340','Virginia Wilson');
INSERT INTO "user" (uid,name) VALUES ('341','Warren Smith');
INSERT INTO "user" (uid,name) VALUES ('342','John Chapman');
INSERT INTO "user" (uid,name) VALUES ('343','Chloe Terry');
INSERT INTO "user" (uid,name) VALUES ('344','Penelope Tucker');
INSERT INTO "user" (uid,name) VALUES ('345','Andrew Berry');
INSERT INTO "user" (uid,name) VALUES ('346','Jason Murray');
INSERT INTO "user" (uid,name) VALUES ('347','Faith Smith');
INSERT INTO "user" (uid,name) VALUES ('348','William Hunter');
INSERT INTO "user" (uid,name) VALUES ('349','Alan Clarkson');
INSERT INTO "user" (uid,name) VALUES ('350','Owen Lyman');
INSERT INTO "user" (uid,name) VALUES ('351','Jane Rutherford');
INSERT INTO "user" (uid,name) VALUES ('352','Brandon Metcalfe');
INSERT INTO "user" (uid,name) VALUES ('353','Gavin Knox');
INSERT INTO "user" (uid,name) VALUES ('354','Bella Morgan');
INSERT INTO "user" (uid,name) VALUES ('355','Gordon Coleman');
INSERT INTO "user" (uid,name) VALUES ('356','Kimberly Hardacre');
INSERT INTO "user" (uid,name) VALUES ('357','Jasmine Abraham');
INSERT INTO "user" (uid,name) VALUES ('358','Ella Ellison');
INSERT INTO "user" (uid,name) VALUES ('359','Eric Hamilton');
INSERT INTO "user" (uid,name) VALUES ('360','Irene Martin');
INSERT INTO "user" (uid,name) VALUES ('361','Luke Morrison');
INSERT INTO "user" (uid,name) VALUES ('362','Ava Mathis');
INSERT INTO "user" (uid,name) VALUES ('363','Adrian Payne');
INSERT INTO "user" (uid,name) VALUES ('364','Audrey Johnston');
INSERT INTO "user" (uid,name) VALUES ('365','Anna Knox');
INSERT INTO "user" (uid,name) VALUES ('366','Ian Kelly');
INSERT INTO "user" (uid,name) VALUES ('367','Jasmine Powell');
INSERT INTO "user" (uid,name) VALUES ('368','Penelope Underwood');
INSERT INTO "user" (uid,name) VALUES ('369','Megan Hodges');
INSERT INTO "user" (uid,name) VALUES ('370','Robert Hodges');
INSERT INTO "user" (uid,name) VALUES ('371','Joan Skinner');
INSERT INTO "user" (uid,name) VALUES ('372','Chloe Poole');
INSERT INTO "user" (uid,name) VALUES ('373','Charles Dowd');
INSERT INTO "user" (uid,name) VALUES ('374','Liam Metcalfe');
INSERT INTO "user" (uid,name) VALUES ('375','Amy Cameron');
INSERT INTO "user" (uid,name) VALUES ('376','Steven Ferguson');
INSERT INTO "user" (uid,name) VALUES ('377','Robert Hemmings');
INSERT INTO "user" (uid,name) VALUES ('378','Tracey Graham');
INSERT INTO "user" (uid,name) VALUES ('379','John Paige');
INSERT INTO "user" (uid,name) VALUES ('380','Kylie Churchill');
INSERT INTO "user" (uid,name) VALUES ('381','Megan Piper');
INSERT INTO "user" (uid,name) VALUES ('382','Anne Howard');
INSERT INTO "user" (uid,name) VALUES ('383','Matt Peters');
INSERT INTO "user" (uid,name) VALUES ('384','Lisa Wilson');
INSERT INTO "user" (uid,name) VALUES ('385','Sam Watson');
INSERT INTO "user" (uid,name) VALUES ('386','Neil Peters');
INSERT INTO "user" (uid,name) VALUES ('387','Frank Cameron');
INSERT INTO "user" (uid,name) VALUES ('388','Joanne Ross');
INSERT INTO "user" (uid,name) VALUES ('389','Jack Glover');
INSERT INTO "user" (uid,name) VALUES ('390','Faith Edmunds');
INSERT INTO "user" (uid,name) VALUES ('391','Julia Paterson');
INSERT INTO "user" (uid,name) VALUES ('392','Sue Greene');
INSERT INTO "user" (uid,name) VALUES ('393','Ella Murray');
INSERT INTO "user" (uid,name) VALUES ('394','Dominic Harris');
INSERT INTO "user" (uid,name) VALUES ('395','Jessica Ogden');
INSERT INTO "user" (uid,name) VALUES ('396','Diane Bell');
INSERT INTO "user" (uid,name) VALUES ('397','Tracey Ball');
INSERT INTO "user" (uid,name) VALUES ('398','Keith Langdon');
INSERT INTO "user" (uid,name) VALUES ('399','Joan Johnston');
INSERT INTO "user" (uid,name) VALUES ('400','Jason Gill');
INSERT INTO "user" (uid,name) VALUES ('401','Alan Dyer');
INSERT INTO "user" (uid,name) VALUES ('402','Boris Morrison');
INSERT INTO "user" (uid,name) VALUES ('403','Julia Marshall');
INSERT INTO "user" (uid,name) VALUES ('404','Karen Butler');
INSERT INTO "user" (uid,name) VALUES ('405','James Gill');
INSERT INTO "user" (uid,name) VALUES ('406','Adam Hunter');
INSERT INTO "user" (uid,name) VALUES ('407','Christopher Fisher');
INSERT INTO "user" (uid,name) VALUES ('408','Olivia McGrath');
INSERT INTO "user" (uid,name) VALUES ('409','Leah Henderson');
INSERT INTO "user" (uid,name) VALUES ('410','Grace Parsons');
INSERT INTO "user" (uid,name) VALUES ('411','Stephen Poole');
INSERT INTO "user" (uid,name) VALUES ('412','Warren Lee');
INSERT INTO "user" (uid,name) VALUES ('413','Deirdre Dyer');
INSERT INTO "user" (uid,name) VALUES ('414','Heather Kerr');
INSERT INTO "user" (uid,name) VALUES ('415','Deirdre Walker');
INSERT INTO "user" (uid,name) VALUES ('416','Cameron Henderson');
INSERT INTO "user" (uid,name) VALUES ('417','Blake Piper');
INSERT INTO "user" (uid,name) VALUES ('418','Olivia Ince');
INSERT INTO "user" (uid,name) VALUES ('419','Piers Walker');
INSERT INTO "user" (uid,name) VALUES ('420','Austin Quinn');
INSERT INTO "user" (uid,name) VALUES ('421','Thomas Abraham');
INSERT INTO "user" (uid,name) VALUES ('422','Megan Burgess');
INSERT INTO "user" (uid,name) VALUES ('423','Rebecca Duncan');
INSERT INTO "user" (uid,name) VALUES ('424','Megan Sharp');
INSERT INTO "user" (uid,name) VALUES ('425','Natalie Cameron');
INSERT INTO "user" (uid,name) VALUES ('426','Heather Clarkson');
INSERT INTO "user" (uid,name) VALUES ('427','Zoe Jackson');
INSERT INTO "user" (uid,name) VALUES ('428','Eric Fraser');
INSERT INTO "user" (uid,name) VALUES ('429','Hannah Slater');
INSERT INTO "user" (uid,name) VALUES ('430','Kevin Oliver');
INSERT INTO "user" (uid,name) VALUES ('431','Anne Coleman');
INSERT INTO "user" (uid,name) VALUES ('432','Megan Hemmings');
INSERT INTO "user" (uid,name) VALUES ('433','Rachel Murray');
INSERT INTO "user" (uid,name) VALUES ('434','Anna Wallace');
INSERT INTO "user" (uid,name) VALUES ('435','Anne Kerr');
INSERT INTO "user" (uid,name) VALUES ('436','Jake Glover');
INSERT INTO "user" (uid,name) VALUES ('437','Joshua Walsh');
INSERT INTO "user" (uid,name) VALUES ('438','Bella Miller');
INSERT INTO "user" (uid,name) VALUES ('439','Alexandra Powell');
INSERT INTO "user" (uid,name) VALUES ('440','Molly Thomson');
INSERT INTO "user" (uid,name) VALUES ('441','Mary Turner');
INSERT INTO "user" (uid,name) VALUES ('442','John Ogden');
INSERT INTO "user" (uid,name) VALUES ('443','Wanda Turner');
INSERT INTO "user" (uid,name) VALUES ('444','Boris Johnston');
INSERT INTO "user" (uid,name) VALUES ('445','Brian Pullman');
INSERT INTO "user" (uid,name) VALUES ('446','Benjamin Morrison');
INSERT INTO "user" (uid,name) VALUES ('447','Lucas Dickens');
INSERT INTO "user" (uid,name) VALUES ('448','Vanessa Turner');
INSERT INTO "user" (uid,name) VALUES ('449','Phil Buckland');
INSERT INTO "user" (uid,name) VALUES ('450','Ruth Anderson');
INSERT INTO "user" (uid,name) VALUES ('451','Charles Johnston');
INSERT INTO "user" (uid,name) VALUES ('452','Jack Watson');
INSERT INTO "user" (uid,name) VALUES ('453','Stephen Hunter');
INSERT INTO "user" (uid,name) VALUES ('454','Gavin Morrison');
INSERT INTO "user" (uid,name) VALUES ('455','Dylan Rees');
INSERT INTO "user" (uid,name) VALUES ('456','Dylan Mathis');
INSERT INTO "user" (uid,name) VALUES ('457','Rose Bailey');
INSERT INTO "user" (uid,name) VALUES ('458','Madeleine Forsyth');
INSERT INTO "user" (uid,name) VALUES ('459','Joan Robertson');
INSERT INTO "user" (uid,name) VALUES ('460','Jan Arnold');
INSERT INTO "user" (uid,name) VALUES ('461','Blake Blake');
INSERT INTO "user" (uid,name) VALUES ('462','Simon Hardacre');
INSERT INTO "user" (uid,name) VALUES ('463','Robert Smith');
INSERT INTO "user" (uid,name) VALUES ('464','Sonia Bailey');
INSERT INTO "user" (uid,name) VALUES ('465','Michael Lambert');
INSERT INTO "user" (uid,name) VALUES ('466','Adam Hemmings');
INSERT INTO "user" (uid,name) VALUES ('467','Audrey Rees');
INSERT INTO "user" (uid,name) VALUES ('468','Wanda Reid');
INSERT INTO "user" (uid,name) VALUES ('469','Grace Robertson');
INSERT INTO "user" (uid,name) VALUES ('470','Una Short');
INSERT INTO "user" (uid,name) VALUES ('471','Penelope Lambert');
INSERT INTO "user" (uid,name) VALUES ('472','Boris Hunter');
INSERT INTO "user" (uid,name) VALUES ('473','Jennifer Davidson');
INSERT INTO "user" (uid,name) VALUES ('474','Carl Hunter');
INSERT INTO "user" (uid,name) VALUES ('475','Dominic Campbell');
INSERT INTO "user" (uid,name) VALUES ('476','Jessica Smith');
INSERT INTO "user" (uid,name) VALUES ('477','Alexandra May');
INSERT INTO "user" (uid,name) VALUES ('478','Yvonne Burgess');
INSERT INTO "user" (uid,name) VALUES ('479','Phil Mackenzie');
INSERT INTO "user" (uid,name) VALUES ('480','Simon Simpson');
INSERT INTO "user" (uid,name) VALUES ('481','Melanie Terry');
INSERT INTO "user" (uid,name) VALUES ('482','Gordon Carr');
INSERT INTO "user" (uid,name) VALUES ('483','Amanda Hughes');
INSERT INTO "user" (uid,name) VALUES ('484','Fiona Wilson');
INSERT INTO "user" (uid,name) VALUES ('485','Madeleine Anderson');
INSERT INTO "user" (uid,name) VALUES ('486','Joe McDonald');
INSERT INTO "user" (uid,name) VALUES ('487','Heather Pullman');
INSERT INTO "user" (uid,name) VALUES ('488','Kimberly Lee');
INSERT INTO "user" (uid,name) VALUES ('489','Joan Tucker');
INSERT INTO "user" (uid,name) VALUES ('490','Carl North');
INSERT INTO "user" (uid,name) VALUES ('491','Grace Watson');
INSERT INTO "user" (uid,name) VALUES ('492','Steven Ross');
INSERT INTO "user" (uid,name) VALUES ('493','Jan Walsh');
INSERT INTO "user" (uid,name) VALUES ('494','Joe Terry');
INSERT INTO "user" (uid,name) VALUES ('495','Gabrielle Ellison');
INSERT INTO "user" (uid,name) VALUES ('496','Wanda Allan');
INSERT INTO "user" (uid,name) VALUES ('497','Stewart Knox');
INSERT INTO "user" (uid,name) VALUES ('498','Stephen Randall');
INSERT INTO "user" (uid,name) VALUES ('499','Dan MacLeod');
INSERT INTO "user" (uid,name) VALUES ('500','Julia Henderson');
INSERT INTO "user" (uid,name) VALUES ('501','Gordon Parsons');
INSERT INTO "user" (uid,name) VALUES ('502','Joseph Davies');
INSERT INTO "user" (uid,name) VALUES ('503','Piers Roberts');
INSERT INTO "user" (uid,name) VALUES ('504','Elizabeth Avery');
INSERT INTO "user" (uid,name) VALUES ('505','Brandon Edmunds');
INSERT INTO "user" (uid,name) VALUES ('506','Anne Walsh');
INSERT INTO "user" (uid,name) VALUES ('507','Gabrielle King');
INSERT INTO "user" (uid,name) VALUES ('508','Cameron Vaughan');
INSERT INTO "user" (uid,name) VALUES ('509','Vanessa Mitchell');
INSERT INTO "user" (uid,name) VALUES ('510','Austin Russell');
INSERT INTO "user" (uid,name) VALUES ('511','Heather Jones');
INSERT INTO "user" (uid,name) VALUES ('512','Victor Greene');
INSERT INTO "user" (uid,name) VALUES ('513','Victor Quinn');
INSERT INTO "user" (uid,name) VALUES ('514','Eric Robertson');
INSERT INTO "user" (uid,name) VALUES ('515','Ian Campbell');
INSERT INTO "user" (uid,name) VALUES ('516','Diana Arnold');
INSERT INTO "user" (uid,name) VALUES ('517','Alexander Dyer');
INSERT INTO "user" (uid,name) VALUES ('518','Wendy Peake');
INSERT INTO "user" (uid,name) VALUES ('519','Ryan Peake');
INSERT INTO "user" (uid,name) VALUES ('520','Fiona McGrath');
INSERT INTO "user" (uid,name) VALUES ('521','Richard Wilkins');
INSERT INTO "user" (uid,name) VALUES ('522','Joshua Stewart');
INSERT INTO "user" (uid,name) VALUES ('523','Claire Hemmings');
INSERT INTO "user" (uid,name) VALUES ('524','Samantha Randall');
INSERT INTO "user" (uid,name) VALUES ('525','Jessica Lawrence');
INSERT INTO "user" (uid,name) VALUES ('526','Sally Short');
INSERT INTO "user" (uid,name) VALUES ('527','James Chapman');
INSERT INTO "user" (uid,name) VALUES ('528','Karen Fisher');
INSERT INTO "user" (uid,name) VALUES ('529','Diana Martin');
INSERT INTO "user" (uid,name) VALUES ('530','Sam Poole');
INSERT INTO "user" (uid,name) VALUES ('531','Alison Hodges');
INSERT INTO "user" (uid,name) VALUES ('532','Rachel Morrison');
INSERT INTO "user" (uid,name) VALUES ('533','Abigail Ross');
INSERT INTO "user" (uid,name) VALUES ('534','Austin Stewart');
INSERT INTO "user" (uid,name) VALUES ('535','Ella Vaughan');
INSERT INTO "user" (uid,name) VALUES ('536','Justin Lee');
INSERT INTO "user" (uid,name) VALUES ('537','Emily Forsyth');
INSERT INTO "user" (uid,name) VALUES ('538','Sally Ogden');
INSERT INTO "user" (uid,name) VALUES ('539','Boris Glover');
INSERT INTO "user" (uid,name) VALUES ('540','Carolyn Bell');
INSERT INTO "user" (uid,name) VALUES ('541','Maria Henderson');
INSERT INTO "user" (uid,name) VALUES ('542','Sally Newman');
INSERT INTO "user" (uid,name) VALUES ('543','Paul Jackson');
INSERT INTO "user" (uid,name) VALUES ('544','Alexandra Tucker');
INSERT INTO "user" (uid,name) VALUES ('545','Sally Anderson');
INSERT INTO "user" (uid,name) VALUES ('546','Emily Sutherland');
INSERT INTO "user" (uid,name) VALUES ('547','Theresa Butler');
INSERT INTO "user" (uid,name) VALUES ('548','Jennifer Sharp');
INSERT INTO "user" (uid,name) VALUES ('549','Sonia Clark');
INSERT INTO "user" (uid,name) VALUES ('550','Audrey Miller');
INSERT INTO "user" (uid,name) VALUES ('551','Blake North');
INSERT INTO "user" (uid,name) VALUES ('552','Hannah Davidson');
INSERT INTO "user" (uid,name) VALUES ('553','Richard Greene');
INSERT INTO "user" (uid,name) VALUES ('554','Austin White');
INSERT INTO "user" (uid,name) VALUES ('555','Heather Howard');
INSERT INTO "user" (uid,name) VALUES ('556','Leonard Hughes');
INSERT INTO "user" (uid,name) VALUES ('557','Brian May');
INSERT INTO "user" (uid,name) VALUES ('558','Natalie Hardacre');
INSERT INTO "user" (uid,name) VALUES ('559','Anthony Vance');
INSERT INTO "user" (uid,name) VALUES ('560','Maria Marshall');
INSERT INTO "user" (uid,name) VALUES ('561','Brandon Paterson');
INSERT INTO "user" (uid,name) VALUES ('562','Bernadette Johnston');
INSERT INTO "user" (uid,name) VALUES ('563','Sophie Knox');
INSERT INTO "user" (uid,name) VALUES ('564','Sam MacDonald');
INSERT INTO "user" (uid,name) VALUES ('565','Kevin Parr');
INSERT INTO "user" (uid,name) VALUES ('566','Fiona Bond');
INSERT INTO "user" (uid,name) VALUES ('567','Christopher Dickens');
INSERT INTO "user" (uid,name) VALUES ('568','Matt Butler');
INSERT INTO "user" (uid,name) VALUES ('569','Sue Gill');
INSERT INTO "user" (uid,name) VALUES ('570','Jacob Brown');
INSERT INTO "user" (uid,name) VALUES ('571','Andrew Gibson');
INSERT INTO "user" (uid,name) VALUES ('572','Boris Paterson');
INSERT INTO "user" (uid,name) VALUES ('573','Charles Alsop');
INSERT INTO "user" (uid,name) VALUES ('574','Heather Gibson');
INSERT INTO "user" (uid,name) VALUES ('575','Julia Parr');
INSERT INTO "user" (uid,name) VALUES ('576','Ella Fraser');
INSERT INTO "user" (uid,name) VALUES ('577','Ruth Howard');
INSERT INTO "user" (uid,name) VALUES ('578','Matt Powell');
INSERT INTO "user" (uid,name) VALUES ('579','Oliver Knox');
INSERT INTO "user" (uid,name) VALUES ('580','Theresa McDonald');
INSERT INTO "user" (uid,name) VALUES ('581','Theresa Forsyth');
INSERT INTO "user" (uid,name) VALUES ('582','Christopher Langdon');
INSERT INTO "user" (uid,name) VALUES ('583','Una May');
INSERT INTO "user" (uid,name) VALUES ('584','Julian Buckland');
INSERT INTO "user" (uid,name) VALUES ('585','Luke White');
INSERT INTO "user" (uid,name) VALUES ('586','Steven Carr');
INSERT INTO "user" (uid,name) VALUES ('587','Charles Scott');
INSERT INTO "user" (uid,name) VALUES ('588','Tim Skinner');
INSERT INTO "user" (uid,name) VALUES ('589','Benjamin Martin');
INSERT INTO "user" (uid,name) VALUES ('590','Stephen Parr');
INSERT INTO "user" (uid,name) VALUES ('591','Benjamin Murray');
INSERT INTO "user" (uid,name) VALUES ('592','Simon Gray');
INSERT INTO "user" (uid,name) VALUES ('593','Michael Tucker');
INSERT INTO "user" (uid,name) VALUES ('594','David Anderson');
INSERT INTO "user" (uid,name) VALUES ('595','Sophie Langdon');
INSERT INTO "user" (uid,name) VALUES ('596','Melanie Carr');
INSERT INTO "user" (uid,name) VALUES ('597','Megan Parsons');
INSERT INTO "user" (uid,name) VALUES ('598','Tracey Gill');
INSERT INTO "user" (uid,name) VALUES ('599','Christian Simpson');
INSERT INTO "user" (uid,name) VALUES ('600','Caroline Hodges');
INSERT INTO "user" (uid,name) VALUES ('601','Edward Thomson');
INSERT INTO "user" (uid,name) VALUES ('602','Nicholas Powell');
INSERT INTO "user" (uid,name) VALUES ('603','Stephen Edmunds');
INSERT INTO "user" (uid,name) VALUES ('604','Sarah North');
INSERT INTO "user" (uid,name) VALUES ('605','Una Wallace');
INSERT INTO "user" (uid,name) VALUES ('606','Edward Campbell');
INSERT INTO "user" (uid,name) VALUES ('607','Rose Morrison');
INSERT INTO "user" (uid,name) VALUES ('608','Kylie Young');
INSERT INTO "user" (uid,name) VALUES ('609','Thomas Ellison');
INSERT INTO "user" (uid,name) VALUES ('610','Jack Quinn');
INSERT INTO "user" (uid,name) VALUES ('611','Jonathan Mackenzie');
INSERT INTO "user" (uid,name) VALUES ('612','Michael Gibson');
INSERT INTO "user" (uid,name) VALUES ('613','Olivia May');
INSERT INTO "user" (uid,name) VALUES ('614','Alexander Hemmings');
INSERT INTO "user" (uid,name) VALUES ('615','Chloe Morgan');
INSERT INTO "user" (uid,name) VALUES ('616','Vanessa Dowd');
INSERT INTO "user" (uid,name) VALUES ('617','Harry Johnston');
INSERT INTO "user" (uid,name) VALUES ('618','Keith Wilson');
INSERT INTO "user" (uid,name) VALUES ('619','Vanessa Gibson');
INSERT INTO "user" (uid,name) VALUES ('620','Peter Nolan');
INSERT INTO "user" (uid,name) VALUES ('621','Lucas Short');
INSERT INTO "user" (uid,name) VALUES ('622','Claire Piper');
INSERT INTO "user" (uid,name) VALUES ('623','Christopher Hudson');
INSERT INTO "user" (uid,name) VALUES ('624','Thomas White');
INSERT INTO "user" (uid,name) VALUES ('625','Anne Buckland');
INSERT INTO "user" (uid,name) VALUES ('626','Neil Robertson');
INSERT INTO "user" (uid,name) VALUES ('627','Adrian Hodges');
INSERT INTO "user" (uid,name) VALUES ('628','Carl Underwood');
INSERT INTO "user" (uid,name) VALUES ('629','Tracey Clark');
INSERT INTO "user" (uid,name) VALUES ('630','Carolyn Wallace');
INSERT INTO "user" (uid,name) VALUES ('631','Penelope Lawrence');
INSERT INTO "user" (uid,name) VALUES ('632','Heather Lyman');
INSERT INTO "user" (uid,name) VALUES ('633','Bella Scott');
INSERT INTO "user" (uid,name) VALUES ('634','Jacob Bond');
INSERT INTO "user" (uid,name) VALUES ('635','Lisa Hill');
INSERT INTO "user" (uid,name) VALUES ('636','Stephen Forsyth');
INSERT INTO "user" (uid,name) VALUES ('637','Audrey Mathis');
INSERT INTO "user" (uid,name) VALUES ('638','Christian Burgess');
INSERT INTO "user" (uid,name) VALUES ('639','Rebecca Dyer');
INSERT INTO "user" (uid,name) VALUES ('640','Gabrielle White');
INSERT INTO "user" (uid,name) VALUES ('641','Adrian Peters');
INSERT INTO "user" (uid,name) VALUES ('642','Alison Quinn');
INSERT INTO "user" (uid,name) VALUES ('643','Lily Howard');
INSERT INTO "user" (uid,name) VALUES ('644','Justin Newman');
INSERT INTO "user" (uid,name) VALUES ('645','Justin Robertson');
INSERT INTO "user" (uid,name) VALUES ('646','Anthony Paterson');
INSERT INTO "user" (uid,name) VALUES ('647','Joshua Butler');
INSERT INTO "user" (uid,name) VALUES ('648','Sam Nash');
INSERT INTO "user" (uid,name) VALUES ('649','Brandon Mathis');
INSERT INTO "user" (uid,name) VALUES ('650','Amanda Turner');
INSERT INTO "user" (uid,name) VALUES ('651','Fiona Allan');
INSERT INTO "user" (uid,name) VALUES ('652','Robert Alsop');
INSERT INTO "user" (uid,name) VALUES ('653','Wanda Hamilton');
INSERT INTO "user" (uid,name) VALUES ('654','Rachel Cameron');
INSERT INTO "user" (uid,name) VALUES ('655','Oliver Martin');
INSERT INTO "user" (uid,name) VALUES ('656','Grace Churchill');
INSERT INTO "user" (uid,name) VALUES ('657','Sonia Ball');
INSERT INTO "user" (uid,name) VALUES ('658','Claire Churchill');
INSERT INTO "user" (uid,name) VALUES ('659','Adam Oliver');
INSERT INTO "user" (uid,name) VALUES ('660','Madeleine North');
INSERT INTO "user" (uid,name) VALUES ('661','Claire Mackenzie');
INSERT INTO "user" (uid,name) VALUES ('662','Ruth Wilson');
INSERT INTO "user" (uid,name) VALUES ('663','Blake Roberts');
INSERT INTO "user" (uid,name) VALUES ('664','Jan Burgess');
INSERT INTO "user" (uid,name) VALUES ('665','Zoe Hill');
INSERT INTO "user" (uid,name) VALUES ('666','Brian Duncan');
INSERT INTO "user" (uid,name) VALUES ('667','Bella Graham');
INSERT INTO "user" (uid,name) VALUES ('668','Tracey Underwood');
INSERT INTO "user" (uid,name) VALUES ('669','Sebastian Smith');
INSERT INTO "user" (uid,name) VALUES ('670','Connor Welch');
INSERT INTO "user" (uid,name) VALUES ('671','Keith Baker');
INSERT INTO "user" (uid,name) VALUES ('672','Bella Short');
INSERT INTO "user" (uid,name) VALUES ('673','Cameron Abraham');
INSERT INTO "user" (uid,name) VALUES ('674','Olivia White');
INSERT INTO "user" (uid,name) VALUES ('675','Tracey Ross');
INSERT INTO "user" (uid,name) VALUES ('676','Frank Walker');
INSERT INTO "user" (uid,name) VALUES ('677','Katherine Gray');
INSERT INTO "user" (uid,name) VALUES ('678','Irene Murray');
INSERT INTO "user" (uid,name) VALUES ('679','Audrey Quinn');
INSERT INTO "user" (uid,name) VALUES ('680','Samantha Gibson');
INSERT INTO "user" (uid,name) VALUES ('681','Elizabeth Poole');
INSERT INTO "user" (uid,name) VALUES ('682','Lily Butler');
INSERT INTO "user" (uid,name) VALUES ('683','Lillian Hart');
INSERT INTO "user" (uid,name) VALUES ('684','Joseph Parr');
INSERT INTO "user" (uid,name) VALUES ('685','Alison Lambert');
INSERT INTO "user" (uid,name) VALUES ('686','Lillian Arnold');
INSERT INTO "user" (uid,name) VALUES ('687','Gordon Campbell');
INSERT INTO "user" (uid,name) VALUES ('688','Lucas Terry');
INSERT INTO "user" (uid,name) VALUES ('689','Jan Allan');
INSERT INTO "user" (uid,name) VALUES ('690','Jason Watson');
INSERT INTO "user" (uid,name) VALUES ('691','Madeleine White');
INSERT INTO "user" (uid,name) VALUES ('692','Jason Walsh');
INSERT INTO "user" (uid,name) VALUES ('693','Jack Lawrence');
INSERT INTO "user" (uid,name) VALUES ('694','Chloe Mathis');
INSERT INTO "user" (uid,name) VALUES ('695','Jan Howard');
INSERT INTO "user" (uid,name) VALUES ('696','Peter Reid');
INSERT INTO "user" (uid,name) VALUES ('697','Joan Bell');
INSERT INTO "user" (uid,name) VALUES ('698','Vanessa Randall');
INSERT INTO "user" (uid,name) VALUES ('699','Neil Gibson');
INSERT INTO "user" (uid,name) VALUES ('700','Adam Young');
INSERT INTO "user" (uid,name) VALUES ('701','Fiona Walsh');
INSERT INTO "user" (uid,name) VALUES ('702','Steven Bell');
INSERT INTO "user" (uid,name) VALUES ('703','Brandon Ball');
INSERT INTO "user" (uid,name) VALUES ('704','David Scott');
INSERT INTO "user" (uid,name) VALUES ('705','Felicity Metcalfe');
INSERT INTO "user" (uid,name) VALUES ('706','Tim Metcalfe');
INSERT INTO "user" (uid,name) VALUES ('707','Steven Lyman');
INSERT INTO "user" (uid,name) VALUES ('708','Jake Ellison');
INSERT INTO "user" (uid,name) VALUES ('709','Madeleine Grant');
INSERT INTO "user" (uid,name) VALUES ('710','Zoe Greene');
INSERT INTO "user" (uid,name) VALUES ('711','Sean Vance');
INSERT INTO "user" (uid,name) VALUES ('712','Olivia Howard');
INSERT INTO "user" (uid,name) VALUES ('713','Fiona Thomson');
INSERT INTO "user" (uid,name) VALUES ('714','Michael Ball');
INSERT INTO "user" (uid,name) VALUES ('715','Kevin Jones');
INSERT INTO "user" (uid,name) VALUES ('716','Virginia Springer');
INSERT INTO "user" (uid,name) VALUES ('717','Maria Tucker');
INSERT INTO "user" (uid,name) VALUES ('718','Joe Welch');
INSERT INTO "user" (uid,name) VALUES ('719','Faith Lee');
INSERT INTO "user" (uid,name) VALUES ('720','Dorothy Glover');
INSERT INTO "user" (uid,name) VALUES ('721','Katherine Vance');
INSERT INTO "user" (uid,name) VALUES ('722','Adrian Mathis');
INSERT INTO "user" (uid,name) VALUES ('723','Jacob Newman');
INSERT INTO "user" (uid,name) VALUES ('724','Tracey Lee');
INSERT INTO "user" (uid,name) VALUES ('725','Nicola Lawrence');
INSERT INTO "user" (uid,name) VALUES ('726','Neil Greene');
INSERT INTO "user" (uid,name) VALUES ('727','Joshua McLean');
INSERT INTO "user" (uid,name) VALUES ('728','Sean McGrath');
INSERT INTO "user" (uid,name) VALUES ('729','Dylan McLean');
INSERT INTO "user" (uid,name) VALUES ('730','Penelope MacDonald');
INSERT INTO "user" (uid,name) VALUES ('731','Samantha Brown');
INSERT INTO "user" (uid,name) VALUES ('732','Tim Robertson');
INSERT INTO "user" (uid,name) VALUES ('733','Boris Harris');
INSERT INTO "user" (uid,name) VALUES ('734','James Hamilton');
INSERT INTO "user" (uid,name) VALUES ('735','Amelia Thomson');
INSERT INTO "user" (uid,name) VALUES ('736','Carol Ferguson');
INSERT INTO "user" (uid,name) VALUES ('737','Jessica Powell');
INSERT INTO "user" (uid,name) VALUES ('738','Rose Kelly');
INSERT INTO "user" (uid,name) VALUES ('739','Rebecca Hardacre');
INSERT INTO "user" (uid,name) VALUES ('740','Jack Chapman');
INSERT INTO "user" (uid,name) VALUES ('741','Sarah Ogden');
INSERT INTO "user" (uid,name) VALUES ('742','Audrey Payne');
INSERT INTO "user" (uid,name) VALUES ('743','Phil Payne');
INSERT INTO "user" (uid,name) VALUES ('744','Hannah Black');
INSERT INTO "user" (uid,name) VALUES ('745','Andrew Edmunds');
INSERT INTO "user" (uid,name) VALUES ('746','Emma Butler');
INSERT INTO "user" (uid,name) VALUES ('747','Sophie Murray');
INSERT INTO "user" (uid,name) VALUES ('748','Rachel Morgan');
INSERT INTO "user" (uid,name) VALUES ('749','Neil Harris');
INSERT INTO "user" (uid,name) VALUES ('750','Alexandra Clark');
INSERT INTO "user" (uid,name) VALUES ('751','Samantha Quinn');
INSERT INTO "user" (uid,name) VALUES ('752','Lillian Duncan');
INSERT INTO "user" (uid,name) VALUES ('753','Max Hughes');
INSERT INTO "user" (uid,name) VALUES ('754','Carol Campbell');
INSERT INTO "user" (uid,name) VALUES ('755','Matt Morrison');
INSERT INTO "user" (uid,name) VALUES ('756','Warren Hardacre');
INSERT INTO "user" (uid,name) VALUES ('757','Yvonne Kerr');
INSERT INTO "user" (uid,name) VALUES ('758','Theresa Wilson');
INSERT INTO "user" (uid,name) VALUES ('759','Andrea Tucker');
INSERT INTO "user" (uid,name) VALUES ('760','Angela Piper');
INSERT INTO "user" (uid,name) VALUES ('761','Alan Kelly');
INSERT INTO "user" (uid,name) VALUES ('762','Isaac Gibson');
INSERT INTO "user" (uid,name) VALUES ('763','Diana Ross');
INSERT INTO "user" (uid,name) VALUES ('764','Carol Bower');
INSERT INTO "user" (uid,name) VALUES ('765','Robert Rees');
INSERT INTO "user" (uid,name) VALUES ('766','James Jackson');
INSERT INTO "user" (uid,name) VALUES ('767','Nicholas Nolan');
INSERT INTO "user" (uid,name) VALUES ('768','Benjamin Abraham');
INSERT INTO "user" (uid,name) VALUES ('769','Kevin Berry');
INSERT INTO "user" (uid,name) VALUES ('770','Rebecca Butler');
INSERT INTO "user" (uid,name) VALUES ('771','Olivia Wallace');
INSERT INTO "user" (uid,name) VALUES ('772','William Sutherland');
INSERT INTO "user" (uid,name) VALUES ('773','Olivia Graham');
INSERT INTO "user" (uid,name) VALUES ('774','Theresa Dowd');
INSERT INTO "user" (uid,name) VALUES ('775','Mary Langdon');
INSERT INTO "user" (uid,name) VALUES ('776','Ava Johnston');
INSERT INTO "user" (uid,name) VALUES ('777','Sophie Watson');
INSERT INTO "user" (uid,name) VALUES ('778','Deirdre Manning');
INSERT INTO "user" (uid,name) VALUES ('779','Olivia Payne');
INSERT INTO "user" (uid,name) VALUES ('780','Caroline Ellison');
INSERT INTO "user" (uid,name) VALUES ('781','Bella Poole');
INSERT INTO "user" (uid,name) VALUES ('782','Emma Davidson');
INSERT INTO "user" (uid,name) VALUES ('783','Michelle Edmunds');
INSERT INTO "user" (uid,name) VALUES ('784','Carolyn Marshall');
INSERT INTO "user" (uid,name) VALUES ('785','Blake Clark');
INSERT INTO "user" (uid,name) VALUES ('786','Adam Piper');
INSERT INTO "user" (uid,name) VALUES ('787','Vanessa Jones');
INSERT INTO "user" (uid,name) VALUES ('788','Trevor Turner');
INSERT INTO "user" (uid,name) VALUES ('789','Megan Thomson');
INSERT INTO "user" (uid,name) VALUES ('790','Simon Dickens');
INSERT INTO "user" (uid,name) VALUES ('791','Grace Taylor');
INSERT INTO "user" (uid,name) VALUES ('792','Sophie Abraham');
INSERT INTO "user" (uid,name) VALUES ('793','Lucas Forsyth');
INSERT INTO "user" (uid,name) VALUES ('794','Diana Hill');
INSERT INTO "user" (uid,name) VALUES ('795','Connor Ball');
INSERT INTO "user" (uid,name) VALUES ('796','Emma Morrison');
INSERT INTO "user" (uid,name) VALUES ('797','Penelope Ince');
INSERT INTO "user" (uid,name) VALUES ('798','Dominic Mackay');
INSERT INTO "user" (uid,name) VALUES ('799','Carol Wilson');
INSERT INTO "user" (uid,name) VALUES ('800','Max Thomson');
INSERT INTO "user" (uid,name) VALUES ('801','Carl Gibson');
INSERT INTO "user" (uid,name) VALUES ('802','Bella Greene');
INSERT INTO "user" (uid,name) VALUES ('803','Jane Burgess');
INSERT INTO "user" (uid,name) VALUES ('804','Edward Lawrence');
INSERT INTO "user" (uid,name) VALUES ('805','Yvonne McLean');
INSERT INTO "user" (uid,name) VALUES ('806','Wendy Piper');
INSERT INTO "user" (uid,name) VALUES ('807','Neil Jackson');
INSERT INTO "user" (uid,name) VALUES ('808','Diana Wilkins');
INSERT INTO "user" (uid,name) VALUES ('809','Irene Ferguson');
INSERT INTO "user" (uid,name) VALUES ('810','Emily Poole');
INSERT INTO "user" (uid,name) VALUES ('811','Jan Vance');
INSERT INTO "user" (uid,name) VALUES ('812','Paul Fraser');
INSERT INTO "user" (uid,name) VALUES ('813','Sonia Scott');
INSERT INTO "user" (uid,name) VALUES ('814','Pippa Campbell');
INSERT INTO "user" (uid,name) VALUES ('815','Joseph Payne');
INSERT INTO "user" (uid,name) VALUES ('816','Maria Coleman');
INSERT INTO "user" (uid,name) VALUES ('817','Grace Ince');
INSERT INTO "user" (uid,name) VALUES ('818','Donna Edmunds');
INSERT INTO "user" (uid,name) VALUES ('819','Sonia Smith');
INSERT INTO "user" (uid,name) VALUES ('820','Emma May');
INSERT INTO "user" (uid,name) VALUES ('821','Stephen Mills');
INSERT INTO "user" (uid,name) VALUES ('822','Carol Bailey');
INSERT INTO "user" (uid,name) VALUES ('823','Connor Clarkson');
INSERT INTO "user" (uid,name) VALUES ('824','Brian Mitchell');
INSERT INTO "user" (uid,name) VALUES ('825','Irene Grant');
INSERT INTO "user" (uid,name) VALUES ('826','Neil Grant');
INSERT INTO "user" (uid,name) VALUES ('827','William Morrison');
INSERT INTO "user" (uid,name) VALUES ('828','Mary Brown');
INSERT INTO "user" (uid,name) VALUES ('829','Bernadette Hardacre');
INSERT INTO "user" (uid,name) VALUES ('830','Jack Grant');
INSERT INTO "user" (uid,name) VALUES ('831','Gabrielle Churchill');
INSERT INTO "user" (uid,name) VALUES ('832','Brandon Wallace');
INSERT INTO "user" (uid,name) VALUES ('833','Pippa Howard');
INSERT INTO "user" (uid,name) VALUES ('834','Theresa Wright');
INSERT INTO "user" (uid,name) VALUES ('835','Joshua Sanderson');
INSERT INTO "user" (uid,name) VALUES ('836','John Sanderson');
INSERT INTO "user" (uid,name) VALUES ('837','Natalie Churchill');
INSERT INTO "user" (uid,name) VALUES ('838','Maria Hill');
INSERT INTO "user" (uid,name) VALUES ('839','Kevin Vaughan');
INSERT INTO "user" (uid,name) VALUES ('840','Chloe Davidson');
INSERT INTO "user" (uid,name) VALUES ('841','Ava Sutherland');
INSERT INTO "user" (uid,name) VALUES ('842','Deirdre Alsop');
INSERT INTO "user" (uid,name) VALUES ('843','Abigail Rees');
INSERT INTO "user" (uid,name) VALUES ('844','Luke Mitchell');
INSERT INTO "user" (uid,name) VALUES ('845','Robert Short');
INSERT INTO "user" (uid,name) VALUES ('846','Ruth Berry');
INSERT INTO "user" (uid,name) VALUES ('847','Charles Edmunds');
INSERT INTO "user" (uid,name) VALUES ('848','Madeleine Berry');
INSERT INTO "user" (uid,name) VALUES ('849','Faith Hudson');
INSERT INTO "user" (uid,name) VALUES ('850','Matt Edmunds');
INSERT INTO "user" (uid,name) VALUES ('851','Fiona Wright');
INSERT INTO "user" (uid,name) VALUES ('852','Donna Thomson');
INSERT INTO "user" (uid,name) VALUES ('853','Leonard Cameron');
INSERT INTO "user" (uid,name) VALUES ('854','Carolyn Clark');
INSERT INTO "user" (uid,name) VALUES ('855','Madeleine Pullman');
INSERT INTO "user" (uid,name) VALUES ('856','Steven Miller');
INSERT INTO "user" (uid,name) VALUES ('857','Liam Gray');
INSERT INTO "user" (uid,name) VALUES ('858','Carol Burgess');
INSERT INTO "user" (uid,name) VALUES ('859','Isaac Poole');
INSERT INTO "user" (uid,name) VALUES ('860','Joseph Chapman');
INSERT INTO "user" (uid,name) VALUES ('861','Ian Lambert');
INSERT INTO "user" (uid,name) VALUES ('862','Wendy Reid');
INSERT INTO "user" (uid,name) VALUES ('863','Warren Miller');
INSERT INTO "user" (uid,name) VALUES ('864','Claire MacLeod');
INSERT INTO "user" (uid,name) VALUES ('865','Dominic Hudson');
INSERT INTO "user" (uid,name) VALUES ('866','Heather Hamilton');
INSERT INTO "user" (uid,name) VALUES ('867','Gordon Hudson');
INSERT INTO "user" (uid,name) VALUES ('868','Adrian Hardacre');
INSERT INTO "user" (uid,name) VALUES ('869','Emma Gibson');
INSERT INTO "user" (uid,name) VALUES ('870','Keith Terry');
INSERT INTO "user" (uid,name) VALUES ('871','Jessica Sutherland');
INSERT INTO "user" (uid,name) VALUES ('872','Wanda Terry');
INSERT INTO "user" (uid,name) VALUES ('873','Anne Clark');
INSERT INTO "user" (uid,name) VALUES ('874','Alan Brown');
INSERT INTO "user" (uid,name) VALUES ('875','Gordon Bower');
INSERT INTO "user" (uid,name) VALUES ('876','Evan James');
INSERT INTO "user" (uid,name) VALUES ('877','Penelope Morgan');
INSERT INTO "user" (uid,name) VALUES ('878','David Wallace');
INSERT INTO "user" (uid,name) VALUES ('879','Wendy Carr');
INSERT INTO "user" (uid,name) VALUES ('880','Diane MacDonald');
INSERT INTO "user" (uid,name) VALUES ('881','Victor McDonald');
INSERT INTO "user" (uid,name) VALUES ('882','Emily Taylor');
INSERT INTO "user" (uid,name) VALUES ('883','Theresa Dickens');
INSERT INTO "user" (uid,name) VALUES ('884','James Thomson');
INSERT INTO "user" (uid,name) VALUES ('885','Richard Miller');
INSERT INTO "user" (uid,name) VALUES ('886','Nathan Duncan');
INSERT INTO "user" (uid,name) VALUES ('887','John Terry');
INSERT INTO "user" (uid,name) VALUES ('888','Harry Jones');
INSERT INTO "user" (uid,name) VALUES ('889','Carol Gill');
INSERT INTO "user" (uid,name) VALUES ('890','Leah Peters');
INSERT INTO "user" (uid,name) VALUES ('891','Evan Rampling');
INSERT INTO "user" (uid,name) VALUES ('892','Grace Glover');
INSERT INTO "user" (uid,name) VALUES ('893','Irene Harris');
INSERT INTO "user" (uid,name) VALUES ('894','Anthony Ogden');
INSERT INTO "user" (uid,name) VALUES ('895','Joanne Fisher');
INSERT INTO "user" (uid,name) VALUES ('896','Gordon Ross');
INSERT INTO "user" (uid,name) VALUES ('897','Piers Young');
INSERT INTO "user" (uid,name) VALUES ('898','Virginia Bell');
INSERT INTO "user" (uid,name) VALUES ('899','Liam Hemmings');
INSERT INTO "user" (uid,name) VALUES ('900','Frank Marshall');
INSERT INTO "user" (uid,name) VALUES ('901','Austin Reid');
INSERT INTO "user" (uid,name) VALUES ('902','Leah Black');
INSERT INTO "user" (uid,name) VALUES ('903','Piers Harris');
INSERT INTO "user" (uid,name) VALUES ('904','Nicholas King');
INSERT INTO "user" (uid,name) VALUES ('905','Virginia Lyman');
INSERT INTO "user" (uid,name) VALUES ('906','Rebecca Quinn');
INSERT INTO "user" (uid,name) VALUES ('907','Vanessa Knox');
INSERT INTO "user" (uid,name) VALUES ('908','Dan Bond');
INSERT INTO "user" (uid,name) VALUES ('909','Colin Watson');
INSERT INTO "user" (uid,name) VALUES ('910','Rebecca Gill');
INSERT INTO "user" (uid,name) VALUES ('911','Carolyn Thomson');
INSERT INTO "user" (uid,name) VALUES ('912','Joseph Johnston');
INSERT INTO "user" (uid,name) VALUES ('913','Bernadette Butler');
INSERT INTO "user" (uid,name) VALUES ('914','Frank Bond');
INSERT INTO "user" (uid,name) VALUES ('915','Rebecca Churchill');
INSERT INTO "user" (uid,name) VALUES ('916','Andrew Ince');
INSERT INTO "user" (uid,name) VALUES ('917','Michael Reid');
INSERT INTO "user" (uid,name) VALUES ('918','Warren Wilkins');
INSERT INTO "user" (uid,name) VALUES ('919','Samantha Rampling');
INSERT INTO "user" (uid,name) VALUES ('920','Richard Springer');
INSERT INTO "user" (uid,name) VALUES ('921','Alexander Cornish');
INSERT INTO "user" (uid,name) VALUES ('922','Joseph Ogden');
INSERT INTO "user" (uid,name) VALUES ('923','Oliver Bower');
INSERT INTO "user" (uid,name) VALUES ('924','Rebecca Morrison');
INSERT INTO "user" (uid,name) VALUES ('925','Neil Graham');
INSERT INTO "user" (uid,name) VALUES ('926','Virginia Kelly');
INSERT INTO "user" (uid,name) VALUES ('927','Kevin Rampling');
INSERT INTO "user" (uid,name) VALUES ('928','Tim Scott');
INSERT INTO "user" (uid,name) VALUES ('929','Gordon Underwood');
INSERT INTO "user" (uid,name) VALUES ('930','Gordon Fisher');
INSERT INTO "user" (uid,name) VALUES ('931','Stephen Rampling');
INSERT INTO "user" (uid,name) VALUES ('932','Joe Mathis');
INSERT INTO "user" (uid,name) VALUES ('933','Jack Hamilton');
INSERT INTO "user" (uid,name) VALUES ('934','Hannah Thomson');
INSERT INTO "user" (uid,name) VALUES ('935','Oliver Fisher');
INSERT INTO "user" (uid,name) VALUES ('936','Michael Mackay');
INSERT INTO "user" (uid,name) VALUES ('937','Dylan Murray');
INSERT INTO "user" (uid,name) VALUES ('938','Katherine Henderson');
INSERT INTO "user" (uid,name) VALUES ('939','David Slater');
INSERT INTO "user" (uid,name) VALUES ('940','Sue Hughes');
INSERT INTO "user" (uid,name) VALUES ('941','Peter Lee');
INSERT INTO "user" (uid,name) VALUES ('942','Phil Springer');
INSERT INTO "user" (uid,name) VALUES ('943','Carol Slater');
INSERT INTO "user" (uid,name) VALUES ('944','Simon Anderson');
INSERT INTO "user" (uid,name) VALUES ('945','Simon Ferguson');
INSERT INTO "user" (uid,name) VALUES ('946','Alexander Rampling');
INSERT INTO "user" (uid,name) VALUES ('947','Lauren Nash');
INSERT INTO "user" (uid,name) VALUES ('948','Hannah Abraham');
INSERT INTO "user" (uid,name) VALUES ('949','Kylie Hemmings');
INSERT INTO "user" (uid,name) VALUES ('950','Sean MacDonald');
INSERT INTO "user" (uid,name) VALUES ('951','David Lee');
INSERT INTO "user" (uid,name) VALUES ('952','Keith Blake');
INSERT INTO "user" (uid,name) VALUES ('953','Leah Tucker');
INSERT INTO "user" (uid,name) VALUES ('954','Heather Peake');
INSERT INTO "user" (uid,name) VALUES ('955','Anna Gray');
INSERT INTO "user" (uid,name) VALUES ('956','Justin Piper');
INSERT INTO "user" (uid,name) VALUES ('957','Jonathan Hudson');
INSERT INTO "user" (uid,name) VALUES ('958','Nathan Stewart');
INSERT INTO "user" (uid,name) VALUES ('959','Adrian Thomson');
INSERT INTO "user" (uid,name) VALUES ('960','Jason Newman');
INSERT INTO "user" (uid,name) VALUES ('961','Harry Short');
INSERT INTO "user" (uid,name) VALUES ('962','Rachel Vaughan');
INSERT INTO "user" (uid,name) VALUES ('963','Gavin Randall');
INSERT INTO "user" (uid,name) VALUES ('964','Matt North');
INSERT INTO "user" (uid,name) VALUES ('965','Donna Langdon');
INSERT INTO "user" (uid,name) VALUES ('966','Amy Randall');
INSERT INTO "user" (uid,name) VALUES ('967','Virginia Peters');
INSERT INTO "user" (uid,name) VALUES ('968','Andrew Ross');
INSERT INTO "user" (uid,name) VALUES ('969','Vanessa Piper');
INSERT INTO "user" (uid,name) VALUES ('970','Michelle Gray');
INSERT INTO "user" (uid,name) VALUES ('971','Mary Dowd');
INSERT INTO "user" (uid,name) VALUES ('972','Jane Peake');
INSERT INTO "user" (uid,name) VALUES ('973','Brian Henderson');
INSERT INTO "user" (uid,name) VALUES ('974','Jack Clarkson');
INSERT INTO "user" (uid,name) VALUES ('975','Dominic Randall');
INSERT INTO "user" (uid,name) VALUES ('976','Boris Bailey');
INSERT INTO "user" (uid,name) VALUES ('977','Kylie Jackson');
INSERT INTO "user" (uid,name) VALUES ('978','Sally Paige');
INSERT INTO "user" (uid,name) VALUES ('979','Caroline Hudson');
INSERT INTO "user" (uid,name) VALUES ('980','Tracey Sanderson');
INSERT INTO "user" (uid,name) VALUES ('981','Phil Henderson');
INSERT INTO "user" (uid,name) VALUES ('982','Lauren Skinner');
INSERT INTO "user" (uid,name) VALUES ('983','Carl Forsyth');
INSERT INTO "user" (uid,name) VALUES ('984','Jack Berry');
INSERT INTO "user" (uid,name) VALUES ('985','Andrea Fisher');
INSERT INTO "user" (uid,name) VALUES ('986','Jonathan Wilson');
INSERT INTO "user" (uid,name) VALUES ('987','Jason Davies');
INSERT INTO "user" (uid,name) VALUES ('988','Oliver Peters');
INSERT INTO "user" (uid,name) VALUES ('989','Virginia Bower');
INSERT INTO "user" (uid,name) VALUES ('990','Victor Gill');
INSERT INTO "user" (uid,name) VALUES ('991','Joan Gray');
INSERT INTO "user" (uid,name) VALUES ('992','Pippa Hodges');
INSERT INTO "user" (uid,name) VALUES ('993','Fiona Payne');
INSERT INTO "user" (uid,name) VALUES ('994','Sean Tucker');
INSERT INTO "user" (uid,name) VALUES ('995','Victoria Smith');
INSERT INTO "user" (uid,name) VALUES ('996','Abigail Paterson');
INSERT INTO "user" (uid,name) VALUES ('997','Victoria Edmunds');
INSERT INTO "user" (uid,name) VALUES ('998','Andrea Slater');
INSERT INTO "user" (uid,name) VALUES ('999','Cameron Gray');


INSERT INTO "thing" (tid,name) VALUES ('1','Cat');
INSERT INTO "thing" (tid,name) VALUES ('2','Dog');
INSERT INTO "thing" (tid,name) VALUES ('3','Deer');
INSERT INTO "thing" (tid,name) VALUES ('4','Fish');
INSERT INTO "thing" (tid,name) VALUES ('5','Freshman');
INSERT INTO "thing" (tid,name) VALUES ('6','Frog');
INSERT INTO "thing" (tid,name) VALUES ('7','Pig');
INSERT INTO "thing" (tid,name) VALUES ('8','Turtle');
INSERT INTO "thing" (tid,name) VALUES ('9','Squirrel');
INSERT INTO "thing" (tid,name) VALUES ('10','Worm');
INSERT INTO "thing" (tid,name) VALUES ('11','Au Bon Pain');
INSERT INTO "thing" (tid,name) VALUES ('12','Bella Union');
INSERT INTO "thing" (tid,name) VALUES ('13','Blue Express');
INSERT INTO "thing" (tid,name) VALUES ('14','Cafe De Novo');
INSERT INTO "thing" (tid,name) VALUES ('15','Chick Fil A');
INSERT INTO "thing" (tid,name) VALUES ('17','Dames Express');
INSERT INTO "thing" (tid,name) VALUES ('16','Devils Krafthouse');
INSERT INTO "thing" (tid,name) VALUES ('19','Dolce Vita');
INSERT INTO "thing" (tid,name) VALUES ('18','Divinity Cafe');
INSERT INTO "thing" (tid,name) VALUES ('21','Ginger and Soy');
INSERT INTO "thing" (tid,name) VALUES ('20','Farmstead');
INSERT INTO "thing" (tid,name) VALUES ('23','Il Forno');
INSERT INTO "thing" (tid,name) VALUES ('22','Gyotaku');
INSERT INTO "thing" (tid,name) VALUES ('25','Loop Grill');
INSERT INTO "thing" (tid,name) VALUES ('24','JBs Roast and Chops');
INSERT INTO "thing" (tid,name) VALUES ('27','McDonalds');
INSERT INTO "thing" (tid,name) VALUES ('26','MarketPlace');
INSERT INTO "thing" (tid,name) VALUES ('29','Panda Express');
INSERT INTO "thing" (tid,name) VALUES ('28','Nasher Museum Cafe');
INSERT INTO "thing" (tid,name) VALUES ('31','Quenchers');
INSERT INTO "thing" (tid,name) VALUES ('30','Pitchforks');
INSERT INTO "thing" (tid,name) VALUES ('34','Sprout');
INSERT INTO "thing" (tid,name) VALUES ('35','Subway');
INSERT INTO "thing" (tid,name) VALUES ('32','Red Mango');
INSERT INTO "thing" (tid,name) VALUES ('33','Skillet');
INSERT INTO "thing" (tid,name) VALUES ('38','Washington Duke Inn');
INSERT INTO "thing" (tid,name) VALUES ('39','Atrium');
INSERT INTO "thing" (tid,name) VALUES ('36','Tandoor');
INSERT INTO "thing" (tid,name) VALUES ('37','Twinnies');
INSERT INTO "thing" (tid,name) VALUES ('42','Bryan Center');
INSERT INTO "thing" (tid,name) VALUES ('43','Duke Gardens');
INSERT INTO "thing" (tid,name) VALUES ('40','Bolt');
INSERT INTO "thing" (tid,name) VALUES ('41','Bostock Library');
INSERT INTO "thing" (tid,name) VALUES ('46','Few Tower');
INSERT INTO "thing" (tid,name) VALUES ('47','Link');
INSERT INTO "thing" (tid,name) VALUES ('44','Edens');
INSERT INTO "thing" (tid,name) VALUES ('45','Edge');
INSERT INTO "thing" (tid,name) VALUES ('51','Rubenstein Library');
INSERT INTO "thing" (tid,name) VALUES ('50','Perkins Library');
INSERT INTO "thing" (tid,name) VALUES ('49','McClendon Tower');
INSERT INTO "thing" (tid,name) VALUES ('48','Lilly Library');
INSERT INTO "thing" (tid,name) VALUES ('52','West Union');

INSERT INTO "tags" (tid,tag,freq) VALUES ('1','Meow',1);
INSERT INTO "tags" (tid,tag,freq) VALUES ('1','Kitty',9);
INSERT INTO "tags" (tid,tag,freq) VALUES ('1','Striped',4);
INSERT INTO "tags" (tid,tag,freq) VALUES ('1','Keohane',1);
INSERT INTO "tags" (tid,tag,freq) VALUES ('2','Small',5);
INSERT INTO "tags" (tid,tag,freq) VALUES ('2','Cute',1);
INSERT INTO "tags" (tid,tag,freq) VALUES ('2','Stress Reliever',3);
INSERT INTO "tags" (tid,tag,freq) VALUES ('3','Nighttime',6);
INSERT INTO "tags" (tid,tag,freq) VALUES ('3','Headlights',4);
INSERT INTO "tags" (tid,tag,freq) VALUES ('3','Doe',5);
INSERT INTO "tags" (tid,tag,freq) VALUES ('4','Best pet',6);
INSERT INTO "tags" (tid,tag,freq) VALUES ('4','Goldfish',4);
INSERT INTO "tags" (tid,tag,freq) VALUES ('4','Bowl',8);
INSERT INTO "tags" (tid,tag,freq) VALUES ('4','Tank',4);
INSERT INTO "tags" (tid,tag,freq) VALUES ('4','Water',5);
INSERT INTO "tags" (tid,tag,freq) VALUES ('5','Lmao',4);
INSERT INTO "tags" (tid,tag,freq) VALUES ('5','But actually',6);
INSERT INTO "tags" (tid,tag,freq) VALUES ('5','Lol',8);
INSERT INTO "tags" (tid,tag,freq) VALUES ('5','Rofl',2);
INSERT INTO "tags" (tid,tag,freq) VALUES ('6','Toad',13);
INSERT INTO "tags" (tid,tag,freq) VALUES ('6','Water',1);
INSERT INTO "tags" (tid,tag,freq) VALUES ('6','Pond',6);
INSERT INTO "tags" (tid,tag,freq) VALUES ('7','Bacon',7);
INSERT INTO "tags" (tid,tag,freq) VALUES ('7','Piglet',4);
INSERT INTO "tags" (tid,tag,freq) VALUES ('8','Water',5);
INSERT INTO "tags" (tid,tag,freq) VALUES ('8','Slow',3);
INSERT INTO "tags" (tid,tag,freq) VALUES ('8','Cool',2);
INSERT INTO "tags" (tid,tag,freq) VALUES ('9','Baller',2);
INSERT INTO "tags" (tid,tag,freq) VALUES ('9','Aggressive',5);
INSERT INTO "tags" (tid,tag,freq) VALUES ('9','Alpha',1);
INSERT INTO "tags" (tid,tag,freq) VALUES ('9','Acorn',14);
INSERT INTO "tags" (tid,tag,freq) VALUES ('9','Chasing my food',10);
INSERT INTO "tags" (tid,tag,freq) VALUES ('10','Dirt',7);
INSERT INTO "tags" (tid,tag,freq) VALUES ('10','Dope',1);
INSERT INTO "tags" (tid,tag,freq) VALUES ('11','Fast',5);
INSERT INTO "tags" (tid,tag,freq) VALUES ('11','On the go',8);
INSERT INTO "tags" (tid,tag,freq) VALUES ('11','Not cheap',2);
INSERT INTO "tags" (tid,tag,freq) VALUES ('12','Convenient',1);
INSERT INTO "tags" (tid,tag,freq) VALUES ('12','Snacks',1);
INSERT INTO "tags" (tid,tag,freq) VALUES ('13','Unknown',1);
INSERT INTO "tags" (tid,tag,freq) VALUES ('13','LSRC',3);
INSERT INTO "tags" (tid,tag,freq) VALUES ('14','Very good',2);
INSERT INTO "tags" (tid,tag,freq) VALUES ('14','Food',1);
INSERT INTO "tags" (tid,tag,freq) VALUES ('15','Hospital',6);
INSERT INTO "tags" (tid,tag,freq) VALUES ('15','Better than McD',1);
INSERT INTO "tags" (tid,tag,freq) VALUES ('17','Expensive',1);
INSERT INTO "tags" (tid,tag,freq) VALUES ('17','Central',3);
INSERT INTO "tags" (tid,tag,freq) VALUES ('16','Beers',6);
INSERT INTO "tags" (tid,tag,freq) VALUES ('16','TV',3);
INSERT INTO "tags" (tid,tag,freq) VALUES ('16','Drinks',3);
INSERT INTO "tags" (tid,tag,freq) VALUES ('19','French Science',4);
INSERT INTO "tags" (tid,tag,freq) VALUES ('19','Snacks',3);
INSERT INTO "tags" (tid,tag,freq) VALUES ('18','Grilled Cheese',1);
INSERT INTO "tags" (tid,tag,freq) VALUES ('21','Panda Equivalent',9);
INSERT INTO "tags" (tid,tag,freq) VALUES ('21','Ramen',8);
INSERT INTO "tags" (tid,tag,freq) VALUES ('21','Asian',5);
INSERT INTO "tags" (tid,tag,freq) VALUES ('20','Not cheap',2);
INSERT INTO "tags" (tid,tag,freq) VALUES ('23','Pizza',4);
INSERT INTO "tags" (tid,tag,freq) VALUES ('23','Wings',1);
INSERT INTO "tags" (tid,tag,freq) VALUES ('23','Grill',4);
INSERT INTO "tags" (tid,tag,freq) VALUES ('22','Sushi',2);
INSERT INTO "tags" (tid,tag,freq) VALUES ('22','Rolls',5);
INSERT INTO "tags" (tid,tag,freq) VALUES ('22','Mm',4);
INSERT INTO "tags" (tid,tag,freq) VALUES ('25','Empty',1);
INSERT INTO "tags" (tid,tag,freq) VALUES ('24','Steak',3);
INSERT INTO "tags" (tid,tag,freq) VALUES ('27','Cheap',2);
INSERT INTO "tags" (tid,tag,freq) VALUES ('27','Im Lovin It',1);
INSERT INTO "tags" (tid,tag,freq) VALUES ('26','Freshman 15',1);
INSERT INTO "tags" (tid,tag,freq) VALUES ('26','All you can eat',1);
INSERT INTO "tags" (tid,tag,freq) VALUES ('29','Go to',3);
INSERT INTO "tags" (tid,tag,freq) VALUES ('29','Asian American',4);
INSERT INTO "tags" (tid,tag,freq) VALUES ('28','Fancy Living',7);
INSERT INTO "tags" (tid,tag,freq) VALUES ('31','Post workout',4);
INSERT INTO "tags" (tid,tag,freq) VALUES ('31','Pre workout',1);
INSERT INTO "tags" (tid,tag,freq) VALUES ('31','Gains',2);
INSERT INTO "tags" (tid,tag,freq) VALUES ('30','Cafe Edens',2);
INSERT INTO "tags" (tid,tag,freq) VALUES ('30','Late night',8);
INSERT INTO "tags" (tid,tag,freq) VALUES ('34','Healthy',4);
INSERT INTO "tags" (tid,tag,freq) VALUES ('35','Hospital',7);
INSERT INTO "tags" (tid,tag,freq) VALUES ('35','5 dollar footlong',5);
INSERT INTO "tags" (tid,tag,freq) VALUES ('32','Froyo',5);
INSERT INTO "tags" (tid,tag,freq) VALUES ('32','Shakes',1);
INSERT INTO "tags" (tid,tag,freq) VALUES ('33','Chicken',3);
INSERT INTO "tags" (tid,tag,freq) VALUES ('38','Fancy Living',9);
INSERT INTO "tags" (tid,tag,freq) VALUES ('38','Rolling in the money',4);
INSERT INTO "tags" (tid,tag,freq) VALUES ('38','Extra Food Points',9);
INSERT INTO "tags" (tid,tag,freq) VALUES ('39','Quiet',5);
INSERT INTO "tags" (tid,tag,freq) VALUES ('39','Glass box',1);
INSERT INTO "tags" (tid,tag,freq) VALUES ('36','Indian',2);
INSERT INTO "tags" (tid,tag,freq) VALUES ('36','Cuisine',3);
INSERT INTO "tags" (tid,tag,freq) VALUES ('36','Curry',2);
INSERT INTO "tags" (tid,tag,freq) VALUES ('37','Engineers',3);
INSERT INTO "tags" (tid,tag,freq) VALUES ('42','Empty at night',1);
INSERT INTO "tags" (tid,tag,freq) VALUES ('42','Late night McD',3);
INSERT INTO "tags" (tid,tag,freq) VALUES ('43','Beautiful',7);
INSERT INTO "tags" (tid,tag,freq) VALUES ('43','Views',5);
INSERT INTO "tags" (tid,tag,freq) VALUES ('43','Garden',6);
INSERT INTO "tags" (tid,tag,freq) VALUES ('43','Best study spot',1);
INSERT INTO "tags" (tid,tag,freq) VALUES ('40','Video Games',6);
INSERT INTO "tags" (tid,tag,freq) VALUES ('40','Gamers',13);
INSERT INTO "tags" (tid,tag,freq) VALUES ('41','Super quiet',5);
INSERT INTO "tags" (tid,tag,freq) VALUES ('41','shhhh',1);
INSERT INTO "tags" (tid,tag,freq) VALUES ('46','Views',9);
INSERT INTO "tags" (tid,tag,freq) VALUES ('46','Sunset',12);
INSERT INTO "tags" (tid,tag,freq) VALUES ('46','Common Room',1);
INSERT INTO "tags" (tid,tag,freq) VALUES ('47','CS Major Home',5);
INSERT INTO "tags" (tid,tag,freq) VALUES ('47','Sauna',4);
INSERT INTO "tags" (tid,tag,freq) VALUES ('47','Vending Machines',3);
INSERT INTO "tags" (tid,tag,freq) VALUES ('44','Dorm',10);
INSERT INTO "tags" (tid,tag,freq) VALUES ('44','Common Room',1);
INSERT INTO "tags" (tid,tag,freq) VALUES ('45','Engineer Home',8);
INSERT INTO "tags" (tid,tag,freq) VALUES ('45','Always full',4);
INSERT INTO "tags" (tid,tag,freq) VALUES ('51','Gothic reading room',4);
INSERT INTO "tags" (tid,tag,freq) VALUES ('51','Undiscovered',4);
INSERT INTO "tags" (tid,tag,freq) VALUES ('50','Always full',6);
INSERT INTO "tags" (tid,tag,freq) VALUES ('50','Quiet?',5);
INSERT INTO "tags" (tid,tag,freq) VALUES ('50','Depressing',2);
INSERT INTO "tags" (tid,tag,freq) VALUES ('49','Lowkey',6);
INSERT INTO "tags" (tid,tag,freq) VALUES ('49','3rd floor',3);
INSERT INTO "tags" (tid,tag,freq) VALUES ('48','Freshman',2);
INSERT INTO "tags" (tid,tag,freq) VALUES ('48','Closes at 4??',9);
INSERT INTO "tags" (tid,tag,freq) VALUES ('48','Kinda small',1);
INSERT INTO "tags" (tid,tag,freq) VALUES ('52','Food',2);
INSERT INTO "tags" (tid,tag,freq) VALUES ('52','Snacks',2);
INSERT INTO "tags" (tid,tag,freq) VALUES ('52','RIP Food points',2);

INSERT INTO "ratings" (uid,tid,rating,timestamp,media) VALUES('121','42',3,'2016-04-28 04:50:18','Gardens_4.jpg');
INSERT INTO "ratings" (uid,tid,rating,timestamp,media) VALUES('195','40',3,'2015-01-14 00:02:20','Chapel_2.jpg');
INSERT INTO "ratings" (uid,tid,rating,timestamp,media) VALUES('767','49',4,'2015-06-02 09:12:13','Cameron_1.jpg');
INSERT INTO "ratings" (uid,tid,rating,timestamp,media) VALUES('194','25',2,'2016-01-22 13:01:51','Marketplace_2.jpg');
INSERT INTO "ratings" (uid,tid,rating,timestamp,media) VALUES('570','15',4,'2016-02-01 05:36:07','Chapel_5.png');
INSERT INTO "ratings" (uid,tid,rating,timestamp,media) VALUES('840','44',2,'2016-04-20 16:44:19','Chapel_1.jpg');
INSERT INTO "ratings" (uid,tid,rating,timestamp,media) VALUES('643','19',5,'2016-01-22 05:25:15','Cameron_1.jpg');
INSERT INTO "ratings" (uid,tid,rating,timestamp,media) VALUES('556','21',4,'2016-04-02 05:00:31','Kville_2.jpg');
INSERT INTO "ratings" (uid,tid,rating,timestamp,media) VALUES('101','15',4,'2015-07-22 07:35:49','Perkins_2.jpg');
INSERT INTO "ratings" (uid,tid,rating,timestamp,media) VALUES('945','1',4,'2016-02-26 18:15:40','Cameron_2.jpeg');
INSERT INTO "ratings" (uid,tid,rating,timestamp,media) VALUES('888','47',5,'2015-04-10 13:11:28','Penn_1.jpg');
INSERT INTO "ratings" (uid,tid,rating,timestamp,media) VALUES('341','16',2,'2015-02-18 04:46:33','Gardens_5.jpg');
INSERT INTO "ratings" (uid,tid,rating,timestamp,media) VALUES('881','41',4,'2015-03-20 09:55:56','Chapel_6.jpg');
INSERT INTO "ratings" (uid,tid,rating,timestamp,media) VALUES('594','31',1,'2015-04-27 20:44:05','Library_2.jpg');
INSERT INTO "ratings" (uid,tid,rating,timestamp,media) VALUES('591','9',2,'2015-01-04 05:22:10','Pitchforks_2.jpg');
INSERT INTO "ratings" (uid,tid,rating,timestamp,media) VALUES('232','37',3,'2015-12-15 10:10:56','Chapel_1.jpg');
INSERT INTO "ratings" (uid,tid,rating,timestamp,media) VALUES('842','29',3,'2016-06-16 05:01:54','Gardens_2.jpg');
INSERT INTO "ratings" (uid,tid,rating,timestamp,media) VALUES('295','45',5,'2015-06-07 03:24:08','WestUnion_3.png');
INSERT INTO "ratings" (uid,tid,rating,timestamp,media) VALUES('752','43',2,'2015-08-25 10:58:46','WestUnion_1.jpg');
INSERT INTO "ratings" (uid,tid,rating,timestamp,media) VALUES('10','4',1,'2016-04-22 01:31:38','Marketplace_1.jpg');
INSERT INTO "ratings" (uid,tid,rating,timestamp,media) VALUES('531','31',1,'2015-12-13 05:07:56','Marketplace_1.jpg');
INSERT INTO "ratings" (uid,tid,rating,timestamp,media) VALUES('984','32',2,'2015-05-20 15:34:57','WestUnion_1.jpg');
INSERT INTO "ratings" (uid,tid,rating,timestamp,media) VALUES('235','28',4,'2015-03-11 07:28:23','Kville_2.jpg');
INSERT INTO "ratings" (uid,tid,rating,timestamp,media) VALUES('850','2',4,'2016-04-27 08:04:19','Gardens_4.jpg');
INSERT INTO "ratings" (uid,tid,rating,timestamp,media) VALUES('603','22',1,'2016-01-11 09:42:58','WestUnion_1.jpg');
INSERT INTO "ratings" (uid,tid,rating,timestamp,media) VALUES('33','52',2,'2016-10-10 03:51:11','Kville_2.jpg');
INSERT INTO "ratings" (uid,tid,rating,timestamp,media) VALUES('410','1',1,'2015-02-16 04:55:22','Kville_3.jpeg');
INSERT INTO "ratings" (uid,tid,rating,timestamp,media) VALUES('146','47',4,'2015-01-05 12:23:31','Cameron_3.jpg');
INSERT INTO "ratings" (uid,tid,rating,timestamp,media) VALUES('350','30',1,'2015-03-12 23:11:15','Kville_3.jpeg');
INSERT INTO "ratings" (uid,tid,rating,timestamp,media) VALUES('879','21',2,'2016-01-17 10:26:55','Marketplace_2.jpg');
INSERT INTO "ratings" (uid,tid,rating,timestamp,media) VALUES('558','36',5,'2016-07-25 16:37:31','Library_2.jpg');
INSERT INTO "ratings" (uid,tid,rating,timestamp,media) VALUES('523','11',5,'2015-09-06 15:48:35','Kville_2.jpg');
INSERT INTO "ratings" (uid,tid,rating,timestamp,media) VALUES('555','17',4,'2016-11-03 01:24:10','Pitchforks_1.jpg');
INSERT INTO "ratings" (uid,tid,rating,timestamp,media) VALUES('433','46',4,'2016-11-27 10:44:55','McClendon_1.jpg');
INSERT INTO "ratings" (uid,tid,rating,timestamp,media) VALUES('898','15',2,'2015-06-02 16:13:10','Marketplace_1.jpg');
INSERT INTO "ratings" (uid,tid,rating,timestamp,media) VALUES('607','28',3,'2015-08-25 21:45:20','Gardens_3.jpeg');
INSERT INTO "ratings" (uid,tid,rating,timestamp,media) VALUES('173','2',3,'2016-06-07 02:29:58','Gardens_2.jpg');
INSERT INTO "ratings" (uid,tid,rating,timestamp,media) VALUES('552','2',2,'2015-04-21 19:18:56','Gardens_5.jpg');
INSERT INTO "ratings" (uid,tid,rating,timestamp,media) VALUES('895','5',3,'2015-05-23 13:33:22','Cameron_3.jpg');
INSERT INTO "ratings" (uid,tid,rating,timestamp,media) VALUES('901','49',3,'2015-02-07 02:37:42','Chapel_4.jpg');
INSERT INTO "ratings" (uid,tid,rating,timestamp,media) VALUES('673','37',3,'2015-09-22 00:38:43','Library_1.jpg');
INSERT INTO "ratings" (uid,tid,rating,timestamp,media) VALUES('379','25',5,'2016-09-17 00:43:31','Marketplace_2.jpg');
INSERT INTO "ratings" (uid,tid,rating,timestamp,media) VALUES('334','36',3,'2015-05-10 09:35:41','McClendon_2.jpg');
INSERT INTO "ratings" (uid,tid,rating,timestamp,media) VALUES('90','14',1,'2015-11-21 21:58:23','Kville_2.jpg');
INSERT INTO "ratings" (uid,tid,rating,timestamp,media) VALUES('564','23',5,'2015-12-07 03:37:18','Chapel_2.jpg');
INSERT INTO "ratings" (uid,tid,rating,timestamp,media) VALUES('59','11',1,'2016-07-18 12:17:07','Perkins_1.jpg');
INSERT INTO "ratings" (uid,tid,rating,timestamp,media) VALUES('227','40',4,'2016-03-17 02:21:49','Gardens_4.jpg');
INSERT INTO "ratings" (uid,tid,rating,timestamp,media) VALUES('990','33',4,'2015-01-18 07:05:37','Perkins_1.jpg');
INSERT INTO "ratings" (uid,tid,rating,timestamp,media) VALUES('888','20',1,'2015-11-18 12:42:21','Cameron_1.jpg');
INSERT INTO "ratings" (uid,tid,rating,timestamp,media) VALUES('872','33',5,'2015-01-13 14:41:28','Gardens_5.jpg');
INSERT INTO "ratings" (uid,tid,rating,timestamp,media) VALUES('575','22',5,'2016-08-14 21:14:48','Gardens_3.jpeg');
INSERT INTO "ratings" (uid,tid,rating,timestamp,media) VALUES('955','26',1,'2016-02-23 20:58:42','Chape_3.jpg');
INSERT INTO "ratings" (uid,tid,rating,timestamp,media) VALUES('296','3',4,'2015-09-05 15:32:24','Kville_1.jpg');
INSERT INTO "ratings" (uid,tid,rating,timestamp,media) VALUES('237','26',1,'2016-09-15 14:05:22','McClendon_1.jpg');
INSERT INTO "ratings" (uid,tid,rating,timestamp,media) VALUES('305','45',5,'2016-01-02 12:28:24','Vondy_1.jpg');
INSERT INTO "ratings" (uid,tid,rating,timestamp,media) VALUES('626','27',5,'2015-11-20 16:18:39','Chapel_1.jpg');
INSERT INTO "ratings" (uid,tid,rating,timestamp,media) VALUES('127','12',3,'2016-10-14 01:19:28','Chapel_4.jpg');
INSERT INTO "ratings" (uid,tid,rating,timestamp,media) VALUES('883','39',2,'2016-10-18 22:47:24','Chape_3.jpg');
INSERT INTO "ratings" (uid,tid,rating,timestamp,media) VALUES('424','4',4,'2015-06-13 08:42:15','Gardens_4.jpg');
INSERT INTO "ratings" (uid,tid,rating,timestamp,media) VALUES('310','36',5,'2015-12-14 11:59:51','McClendon_1.jpg');
INSERT INTO "ratings" (uid,tid,rating,timestamp,media) VALUES('48','18',1,'2016-04-22 10:25:19','McClendon_1.jpg');
INSERT INTO "ratings" (uid,tid,rating,timestamp,media) VALUES('216','2',2,'2016-11-11 17:49:05','Gardens_1.jpg');
INSERT INTO "ratings" (uid,tid,rating,timestamp,media) VALUES('359','33',4,'2016-06-18 23:18:32','WestUnion_4.png');
INSERT INTO "ratings" (uid,tid,rating,timestamp,media) VALUES('145','48',5,'2016-10-12 05:52:05','WestUnion_2.jpg');
INSERT INTO "ratings" (uid,tid,rating,timestamp,media) VALUES('407','24',5,'2015-06-25 03:03:33','Gardens_1.jpg');
INSERT INTO "ratings" (uid,tid,rating,timestamp,media) VALUES('742','6',5,'2015-07-10 14:12:29','Marketplace_1.jpg');
INSERT INTO "ratings" (uid,tid,rating,timestamp,media) VALUES('475','35',3,'2016-05-20 22:13:00','Chapel_2.jpg');
INSERT INTO "ratings" (uid,tid,rating,timestamp,media) VALUES('465','6',3,'2015-12-15 10:08:43','WestUnion_1.jpg');
INSERT INTO "ratings" (uid,tid,rating,timestamp,media) VALUES('910','12',3,'2016-07-04 00:11:40','Marketplace_1.jpg');
INSERT INTO "ratings" (uid,tid,rating,timestamp,media) VALUES('983','36',3,'2015-11-07 13:58:08','Gardens_5.jpg');
INSERT INTO "ratings" (uid,tid,rating,timestamp,media) VALUES('471','28',5,'2015-12-13 16:43:17','Chapel_6.jpg');
INSERT INTO "ratings" (uid,tid,rating,timestamp,media) VALUES('564','16',5,'2015-08-04 23:41:19','McClendon_1.jpg');
INSERT INTO "ratings" (uid,tid,rating,timestamp,media) VALUES('578','39',4,'2015-05-25 15:21:24','Penn_1.jpg');
INSERT INTO "ratings" (uid,tid,rating,timestamp,media) VALUES('341','51',3,'2016-06-05 00:54:05','WestUnion_4.png');
INSERT INTO "ratings" (uid,tid,rating,timestamp,media) VALUES('35','8',2,'2016-09-12 13:54:30','Cameron_1.jpg');
INSERT INTO "ratings" (uid,tid,rating,timestamp,media) VALUES('949','6',3,'2015-04-07 18:54:42','Chapel_5.png');
INSERT INTO "ratings" (uid,tid,rating,timestamp,media) VALUES('949','9',2,'2016-11-15 15:20:00','Gardens_5.jpg');
INSERT INTO "ratings" (uid,tid,rating,timestamp,media) VALUES('882','44',1,'2016-07-02 11:01:52','Chape_3.jpg');
INSERT INTO "ratings" (uid,tid,rating,timestamp,media) VALUES('351','51',1,'2016-12-08 03:23:20','Gardens_5.jpg');
INSERT INTO "ratings" (uid,tid,rating,timestamp,media) VALUES('168','43',3,'2016-10-23 22:51:47','Vondy_1.jpg');
INSERT INTO "ratings" (uid,tid,rating,timestamp,media) VALUES('586','15',1,'2015-12-20 17:43:46','WestUnion_4.png');
INSERT INTO "ratings" (uid,tid,rating,timestamp,media) VALUES('88','19',3,'2015-09-12 20:20:33','Pitchforks_1.jpg');
INSERT INTO "ratings" (uid,tid,rating,timestamp,media) VALUES('20','23',1,'2016-02-13 00:06:14','Chapel_2.jpg');
INSERT INTO "ratings" (uid,tid,rating,timestamp,media) VALUES('431','23',1,'2015-03-19 20:33:24','Edens_1.jpg');
INSERT INTO "ratings" (uid,tid,rating,timestamp,media) VALUES('599','7',5,'2015-10-09 10:07:43','Library_2.jpg');
INSERT INTO "ratings" (uid,tid,rating,timestamp,media) VALUES('5','40',3,'2016-06-28 20:42:06','Library_2.jpg');
INSERT INTO "ratings" (uid,tid,rating,timestamp,media) VALUES('23','39',5,'2015-05-04 12:16:54','Marketplace_2.jpg');
INSERT INTO "ratings" (uid,tid,rating,timestamp,media) VALUES('697','7',1,'2015-12-20 18:49:36','McClendon_2.jpg');
INSERT INTO "ratings" (uid,tid,rating,timestamp,media) VALUES('356','25',2,'2015-08-18 22:21:56','Perkins_2.jpg');
INSERT INTO "ratings" (uid,tid,rating,timestamp,media) VALUES('777','46',1,'2015-12-18 19:16:20','Marketplace_1.jpg');
INSERT INTO "ratings" (uid,tid,rating,timestamp,media) VALUES('453','44',2,'2015-09-15 03:53:33','Kville_2.jpg');
INSERT INTO "ratings" (uid,tid,rating,timestamp,media) VALUES('757','20',1,'2015-03-01 15:44:02','Pitchforks_1.jpg');
INSERT INTO "ratings" (uid,tid,rating,timestamp,media) VALUES('189','10',3,'2015-03-11 06:13:29','Perkins_2.jpg');
INSERT INTO "ratings" (uid,tid,rating,timestamp,media) VALUES('133','47',4,'2016-11-02 07:25:14','Library_2.jpg');
INSERT INTO "ratings" (uid,tid,rating,timestamp,media) VALUES('637','15',3,'2016-08-08 09:37:50','Kville_3.jpeg');
INSERT INTO "ratings" (uid,tid,rating,timestamp,media) VALUES('583','31',3,'2015-03-21 12:45:20','McClendon_2.jpg');
INSERT INTO "ratings" (uid,tid,rating,timestamp,media) VALUES('181','47',4,'2016-01-12 19:43:10','Library_1.jpg');
INSERT INTO "ratings" (uid,tid,rating,timestamp,media) VALUES('603','1',4,'2016-04-22 13:46:47','Vondy_1.jpg');
INSERT INTO "ratings" (uid,tid,rating,timestamp,media) VALUES('278','13',2,'2016-11-17 13:17:26','Chapel_2.jpg');
INSERT INTO "ratings" (uid,tid,rating,timestamp,media) VALUES('719','34',5,'2016-07-25 04:19:08','Cameron_1.jpg');
INSERT INTO "ratings" (uid,tid,rating,timestamp,media) VALUES('845','50',4,'2015-05-22 08:10:36','Chapel_2.jpg');
INSERT INTO "ratings" (uid,tid,rating,timestamp,media) VALUES('72','22',1,'2015-06-06 14:20:08','Kville_2.jpg');
INSERT INTO "ratings" (uid,tid,rating,timestamp,media) VALUES('383','5',3,'2015-02-02 22:13:01','Marketplace_2.jpg');
INSERT INTO "ratings" (uid,tid,rating,timestamp,media) VALUES('765','37',4,'2015-06-24 05:02:10','Perkins_1.jpg');
INSERT INTO "ratings" (uid,tid,rating,timestamp,media) VALUES('848','20',1,'2016-09-05 11:50:20','Marketplace_2.jpg');
INSERT INTO "ratings" (uid,tid,rating,timestamp,media) VALUES('626','45',4,'2015-01-02 11:02:19','WestUnion_1.jpg');
INSERT INTO "ratings" (uid,tid,rating,timestamp,media) VALUES('326','29',3,'2015-07-04 08:28:32','Kville_1.jpg');
INSERT INTO "ratings" (uid,tid,rating,timestamp,media) VALUES('662','37',5,'2015-09-04 04:59:59','Chapel_4.jpg');
INSERT INTO "ratings" (uid,tid,rating,timestamp,media) VALUES('282','19',1,'2015-05-07 04:49:40','Kville_2.jpg');
INSERT INTO "ratings" (uid,tid,rating,timestamp,media) VALUES('321','50',5,'2015-01-16 16:14:21','Vondy_1.jpg');
INSERT INTO "ratings" (uid,tid,rating,timestamp,media) VALUES('998','33',1,'2015-03-09 15:44:48','Gardens_5.jpg');
INSERT INTO "ratings" (uid,tid,rating,timestamp,media) VALUES('445','20',3,'2016-03-08 20:46:15','Chapel_4.jpg');
INSERT INTO "ratings" (uid,tid,rating,timestamp,media) VALUES('886','21',5,'2016-10-07 04:02:19','WestUnion_2.jpg');
INSERT INTO "ratings" (uid,tid,rating,timestamp,media) VALUES('45','21',3,'2016-03-12 05:13:45','Perkins_1.jpg');
INSERT INTO "ratings" (uid,tid,rating,timestamp,media) VALUES('742','25',1,'2016-03-23 10:41:01','Kville_2.jpg');
INSERT INTO "ratings" (uid,tid,rating,timestamp,media) VALUES('185','46',2,'2015-08-13 16:41:07','Kville_3.jpeg');
INSERT INTO "ratings" (uid,tid,rating,timestamp,media) VALUES('273','47',5,'2015-12-25 15:46:08','Vondy_1.jpg');
INSERT INTO "ratings" (uid,tid,rating,timestamp,media) VALUES('334','3',3,'2016-04-22 00:37:14','Marketplace_1.jpg');
INSERT INTO "ratings" (uid,tid,rating,timestamp,media) VALUES('717','39',5,'2016-12-20 01:16:24','Cameron_2.jpeg');
INSERT INTO "ratings" (uid,tid,rating,timestamp,media) VALUES('421','41',3,'2015-10-24 20:20:51','WestUnion_1.jpg');
INSERT INTO "ratings" (uid,tid,rating,timestamp,media) VALUES('594','39',1,'2015-02-25 01:28:11','Chape_3.jpg');
INSERT INTO "ratings" (uid,tid,rating,timestamp,media) VALUES('191','23',2,'2016-04-16 19:12:32','Chapel_6.jpg');
INSERT INTO "ratings" (uid,tid,rating,timestamp,media) VALUES('294','26',3,'2016-07-16 14:47:23','Cameron_3.jpg');
INSERT INTO "ratings" (uid,tid,rating,timestamp,media) VALUES('987','38',2,'2016-02-24 15:28:21','Penn_1.jpg');
INSERT INTO "ratings" (uid,tid,rating,timestamp,media) VALUES('13','5',5,'2015-10-05 12:30:02','Gardens_1.jpg');
INSERT INTO "ratings" (uid,tid,rating,timestamp,media) VALUES('343','25',5,'2015-08-10 12:44:34','Library_2.jpg');
INSERT INTO "ratings" (uid,tid,rating,timestamp,media) VALUES('698','40',1,'2015-01-16 16:08:32','Gardens_1.jpg');
INSERT INTO "ratings" (uid,tid,rating,timestamp,media) VALUES('260','18',4,'2016-11-13 03:34:36','WestUnion_3.png');
INSERT INTO "ratings" (uid,tid,rating,timestamp,media) VALUES('684','37',4,'2016-10-14 08:41:18','Kville_2.jpg');
INSERT INTO "ratings" (uid,tid,rating,timestamp,media) VALUES('984','22',5,'2015-03-15 23:02:09','Marketplace_1.jpg');
INSERT INTO "ratings" (uid,tid,rating,timestamp,media) VALUES('301','36',2,'2016-07-19 11:51:02','Chapel_2.jpg');
INSERT INTO "ratings" (uid,tid,rating,timestamp,media) VALUES('207','8',4,'2015-09-01 19:03:06','Gardens_5.jpg');
INSERT INTO "ratings" (uid,tid,rating,timestamp,media) VALUES('837','19',5,'2016-11-28 09:31:15','Marketplace_2.jpg');
INSERT INTO "ratings" (uid,tid,rating,timestamp,media) VALUES('989','6',1,'2016-12-06 13:45:03','Gardens_3.jpeg');
INSERT INTO "ratings" (uid,tid,rating,timestamp,media) VALUES('511','4',1,'2016-06-09 08:57:22','Kville_1.jpg');
INSERT INTO "ratings" (uid,tid,rating,timestamp,media) VALUES('304','49',2,'2015-11-07 03:23:42','WestUnion_3.png');
INSERT INTO "ratings" (uid,tid,rating,timestamp,media) VALUES('365','25',1,'2015-01-24 13:27:50','Perkins_2.jpg');
INSERT INTO "ratings" (uid,tid,rating,timestamp,media) VALUES('661','11',1,'2016-09-12 00:01:57','Marketplace_1.jpg');
INSERT INTO "ratings" (uid,tid,rating,timestamp,media) VALUES('268','19',5,'2016-12-06 19:01:34','Penn_1.jpg');
INSERT INTO "ratings" (uid,tid,rating,timestamp,media) VALUES('556','30',3,'2016-02-16 03:07:01','WestUnion_2.jpg');
INSERT INTO "ratings" (uid,tid,rating,timestamp,media) VALUES('594','4',4,'2016-05-19 11:22:14','Chapel_6.jpg');
INSERT INTO "ratings" (uid,tid,rating,timestamp,media) VALUES('540','36',4,'2016-05-15 12:30:01','WestUnion_3.png');
INSERT INTO "ratings" (uid,tid,rating,timestamp,media) VALUES('555','16',2,'2015-01-01 23:57:45','Perkins_2.jpg');
INSERT INTO "ratings" (uid,tid,rating,timestamp,media) VALUES('148','8',1,'2015-07-16 20:05:04','Vondy_1.jpg');
INSERT INTO "ratings" (uid,tid,rating,timestamp,media) VALUES('193','51',2,'2016-09-18 20:10:46','Vondy_1.jpg');
INSERT INTO "ratings" (uid,tid,rating,timestamp,media) VALUES('309','44',2,'2016-03-10 08:28:44','Gardens_1.jpg');
INSERT INTO "ratings" (uid,tid,rating,timestamp,media) VALUES('499','37',2,'2016-10-14 04:27:40','Chapel_2.jpg');
INSERT INTO "ratings" (uid,tid,rating,timestamp,media) VALUES('555','16',5,'2015-12-07 01:44:04','Chapel_1.jpg');
INSERT INTO "ratings" (uid,tid,rating,timestamp,media) VALUES('354','22',1,'2015-07-25 21:47:04','WestUnion_1.jpg');
INSERT INTO "ratings" (uid,tid,rating,timestamp,media) VALUES('905','2',5,'2015-12-09 02:39:13','McClendon_2.jpg');
INSERT INTO "ratings" (uid,tid,rating,timestamp,media) VALUES('328','12',2,'2015-02-26 17:18:51','McClendon_2.jpg');
INSERT INTO "ratings" (uid,tid,rating,timestamp,media) VALUES('652','3',2,'2015-07-14 06:22:36','Gardens_2.jpg');
INSERT INTO "ratings" (uid,tid,rating,timestamp,media) VALUES('180','52',3,'2016-05-09 10:20:45','Marketplace_2.jpg');
INSERT INTO "ratings" (uid,tid,rating,timestamp,media) VALUES('562','11',1,'2015-05-27 06:22:31','Penn_1.jpg');
INSERT INTO "ratings" (uid,tid,rating,timestamp,media) VALUES('191','21',3,'2015-11-23 01:36:01','Pitchforks_2.jpg');
INSERT INTO "ratings" (uid,tid,rating,timestamp,media) VALUES('390','27',4,'2016-01-05 20:01:39','Chapel_2.jpg');
INSERT INTO "ratings" (uid,tid,rating,timestamp,media) VALUES('870','40',4,'2016-06-07 04:20:10','WestUnion_4.png');
INSERT INTO "ratings" (uid,tid,rating,timestamp,media) VALUES('256','20',3,'2015-02-15 15:57:42','Vondy_1.jpg');
INSERT INTO "ratings" (uid,tid,rating,timestamp,media) VALUES('932','6',5,'2015-12-07 09:50:47','Cameron_3.jpg');
INSERT INTO "ratings" (uid,tid,rating,timestamp,media) VALUES('446','2',5,'2015-07-20 03:27:38','Chapel_2.jpg');
INSERT INTO "ratings" (uid,tid,rating,timestamp,media) VALUES('974','3',2,'2016-03-21 12:23:16','Chape_3.jpg');
INSERT INTO "ratings" (uid,tid,rating,timestamp,media) VALUES('298','7',2,'2016-04-05 19:24:59','McClendon_1.jpg');
INSERT INTO "ratings" (uid,tid,rating,timestamp,media) VALUES('159','29',2,'2016-02-04 08:45:05','Perkins_1.jpg');
INSERT INTO "ratings" (uid,tid,rating,timestamp,media) VALUES('218','50',3,'2016-04-13 14:26:30','Kville_2.jpg');
INSERT INTO "ratings" (uid,tid,rating,timestamp,media) VALUES('444','40',5,'2015-10-18 13:32:24','Penn_1.jpg');
INSERT INTO "ratings" (uid,tid,rating,timestamp,media) VALUES('819','49',2,'2015-07-16 19:35:58','Chapel_6.jpg');
INSERT INTO "ratings" (uid,tid,rating,timestamp,media) VALUES('762','40',5,'2016-09-26 14:33:11','Kville_2.jpg');
INSERT INTO "ratings" (uid,tid,rating,timestamp,media) VALUES('833','43',1,'2016-04-13 18:43:43','Gardens_3.jpeg');
INSERT INTO "ratings" (uid,tid,rating,timestamp,media) VALUES('281','14',2,'2015-02-20 21:18:07','Gardens_5.jpg');
INSERT INTO "ratings" (uid,tid,rating,timestamp,media) VALUES('49','23',3,'2015-03-24 00:02:23','Chape_3.jpg');
INSERT INTO "ratings" (uid,tid,rating,timestamp,media) VALUES('445','52',5,'2015-03-10 21:42:41','McClendon_2.jpg');
INSERT INTO "ratings" (uid,tid,rating,timestamp,media) VALUES('311','46',2,'2015-06-11 14:48:17','Pitchforks_1.jpg');
INSERT INTO "ratings" (uid,tid,rating,timestamp,media) VALUES('406','33',1,'2015-01-07 11:41:27','Cameron_3.jpg');
INSERT INTO "ratings" (uid,tid,rating,timestamp,media) VALUES('191','47',1,'2016-11-22 23:04:45','Edens_1.jpg');
INSERT INTO "ratings" (uid,tid,rating,timestamp,media) VALUES('148','5',3,'2016-02-07 19:40:14','McClendon_1.jpg');
INSERT INTO "ratings" (uid,tid,rating,timestamp,media) VALUES('530','18',1,'2015-07-15 20:16:03','Kville_1.jpg');
INSERT INTO "ratings" (uid,tid,rating,timestamp,media) VALUES('743','5',1,'2016-04-25 10:35:28','Marketplace_1.jpg');
INSERT INTO "ratings" (uid,tid,rating,timestamp,media) VALUES('900','51',1,'2015-04-13 05:34:40','Gardens_1.jpg');
INSERT INTO "ratings" (uid,tid,rating,timestamp,media) VALUES('416','43',4,'2015-09-20 05:21:53','WestUnion_2.jpg');
INSERT INTO "ratings" (uid,tid,rating,timestamp,media) VALUES('394','25',2,'2016-04-16 06:48:51','WestUnion_3.png');
INSERT INTO "ratings" (uid,tid,rating,timestamp,media) VALUES('177','41',4,'2016-06-01 13:33:03','Perkins_1.jpg');
INSERT INTO "ratings" (uid,tid,rating,timestamp,media) VALUES('614','31',3,'2016-10-01 03:58:08','Chapel_5.png');
INSERT INTO "ratings" (uid,tid,rating,timestamp,media) VALUES('879','51',1,'2016-02-02 20:51:42','WestUnion_3.png');
INSERT INTO "ratings" (uid,tid,rating,timestamp,media) VALUES('871','26',4,'2015-12-20 02:37:19','Chapel_5.png');
INSERT INTO "ratings" (uid,tid,rating,timestamp,media) VALUES('353','4',3,'2016-09-09 17:33:09','Cameron_2.jpeg');
INSERT INTO "ratings" (uid,tid,rating,timestamp,media) VALUES('602','33',5,'2016-04-19 11:06:23','Gardens_5.jpg');
INSERT INTO "ratings" (uid,tid,rating,timestamp,media) VALUES('187','34',4,'2016-02-13 11:00:09','McClendon_2.jpg');
INSERT INTO "ratings" (uid,tid,rating,timestamp,media) VALUES('729','22',4,'2015-02-06 22:21:18','Gardens_3.jpeg');
INSERT INTO "ratings" (uid,tid,rating,timestamp,media) VALUES('494','47',3,'2016-06-06 13:48:57','Chapel_5.png');
INSERT INTO "ratings" (uid,tid,rating,timestamp,media) VALUES('408','31',3,'2016-06-09 01:32:42','Marketplace_2.jpg');
INSERT INTO "ratings" (uid,tid,rating,timestamp,media) VALUES('778','1',1,'2016-02-12 07:35:59','Perkins_1.jpg');
INSERT INTO "ratings" (uid,tid,rating,timestamp,media) VALUES('825','18',1,'2015-03-19 03:20:38','Kville_1.jpg');
INSERT INTO "ratings" (uid,tid,rating,timestamp,media) VALUES('485','24',2,'2015-09-28 04:59:49','WestUnion_1.jpg');
INSERT INTO "ratings" (uid,tid,rating,timestamp,media) VALUES('578','33',2,'2016-06-20 18:25:00','Gardens_5.jpg');
INSERT INTO "ratings" (uid,tid,rating,timestamp,media) VALUES('831','51',4,'2016-11-26 05:22:06','Pitchforks_2.jpg');
INSERT INTO "ratings" (uid,tid,rating,timestamp,media) VALUES('895','14',1,'2016-02-23 05:50:43','Library_2.jpg');
INSERT INTO "ratings" (uid,tid,rating,timestamp,media) VALUES('611','9',2,'2015-10-08 09:15:36','Library_1.jpg');
INSERT INTO "ratings" (uid,tid,rating,timestamp,media) VALUES('171','22',1,'2015-07-19 00:16:13','Kville_3.jpeg');
INSERT INTO "ratings" (uid,tid,rating,timestamp,media) VALUES('265','10',5,'2016-03-10 07:16:53','WestUnion_2.jpg');
INSERT INTO "ratings" (uid,tid,rating,timestamp,media) VALUES('715','24',4,'2015-09-06 09:36:47','Vondy_1.jpg');